,macAddress,locationCoordinate_x,locationCoordinate_y,confidenceFactor,maxDetectedRssi,CMX_lastSeen,Real_Time,RMSE,Test_point,associated,locComputeType
6030,dc:a6:32:26:67:ab,29.63945,12.382467,80,-59,2022-07-11T10:41:54.357+0100,2022-07-11 10:41:54,14.273336263849073,6,,
6031,dc:a6:32:26:67:ab,29.63945,12.382467,80,-59,2022-07-11T10:41:54.357+0100,2022-07-11 10:41:55,14.273336263849073,6,,
6032,dc:a6:32:26:67:ab,32.812977,7.609123,80,-57,2022-07-11T10:41:56.365+0100,2022-07-11 10:41:56,19.760459329794383,6,,
6033,dc:a6:32:26:67:ab,32.812977,7.609123,80,-57,2022-07-11T10:41:56.365+0100,2022-07-11 10:41:57,19.760459329794383,6,,
6034,dc:a6:32:26:67:ab,32.8209,7.571111,80,-57,2022-07-11T10:41:58.413+0100,2022-07-11 10:41:58,19.798944774741937,6,,
6035,dc:a6:32:26:67:ab,32.8209,7.571111,80,-57,2022-07-11T10:41:58.413+0100,2022-07-11 10:42:00,19.798944774741937,6,,
6036,dc:a6:32:26:67:ab,32.829353,7.532695,80,-57,2022-07-11T10:42:00.584+0100,2022-07-11 10:42:01,19.83798852992193,6,,
6037,dc:a6:32:26:67:ab,32.829353,7.532695,80,-57,2022-07-11T10:42:00.584+0100,2022-07-11 10:42:02,19.83798852992193,6,,
6038,dc:a6:32:26:67:ab,35.97265,2.789057,80,-57,2022-07-11T10:42:02.583+0100,2022-07-11 10:42:03,25.394008501740505,6,,
6039,dc:a6:32:26:67:ab,34.0,2.0,80,-60,2022-07-11T10:42:04.591+0100,2022-07-11 10:42:04,25.45617374070188,6,,
6040,dc:a6:32:26:67:ab,34.0,2.0,80,-60,2022-07-11T10:42:04.591+0100,2022-07-11 10:42:05,25.45617374070188,6,,
6041,dc:a6:32:26:67:ab,36.4263,3.2131507,80,-60,2022-07-11T10:42:06.618+0100,2022-07-11 10:42:07,25.182715573867377,6,,
6042,dc:a6:32:26:67:ab,36.4263,3.2131507,80,-60,2022-07-11T10:42:06.618+0100,2022-07-11 10:42:08,25.182715573867377,6,,
6043,dc:a6:32:26:67:ab,36.418053,3.2090259,80,-57,2022-07-11T10:42:08.688+0100,2022-07-11 10:42:09,25.18315636376949,6,,
6044,dc:a6:32:26:67:ab,36.418053,3.2090259,80,-57,2022-07-11T10:42:08.688+0100,2022-07-11 10:42:10,25.18315636376949,6,,
6045,dc:a6:32:26:67:ab,36.416668,0.0,80,-58,2022-07-11T10:42:10.722+0100,2022-07-11 10:42:11,28.14814653011996,6,,
6046,dc:a6:32:26:67:ab,36.416668,0.0,80,-58,2022-07-11T10:42:10.722+0100,2022-07-11 10:42:12,28.14814653011996,6,,
6047,dc:a6:32:26:67:ab,36.416668,0.0,88,-57,2022-07-11T10:42:12.726+0100,2022-07-11 10:42:13,28.14814653011996,6,,
6048,dc:a6:32:26:67:ab,36.416668,0.0,80,-57,2022-07-11T10:42:14.779+0100,2022-07-11 10:42:14,28.14814653011996,6,,
6049,dc:a6:32:26:67:ab,36.416668,0.0,80,-57,2022-07-11T10:42:14.779+0100,2022-07-11 10:42:15,28.14814653011996,6,,
6050,dc:a6:32:26:67:ab,29.133335,0.0,80,-59,2022-07-11T10:42:16.838+0100,2022-07-11 10:42:16,26.40497788138867,6,,
6051,dc:a6:32:26:67:ab,29.133335,0.0,80,-59,2022-07-11T10:42:16.838+0100,2022-07-11 10:42:18,26.40497788138867,6,,
6052,dc:a6:32:26:67:ab,29.133335,0.0,80,-58,2022-07-11T10:42:18.875+0100,2022-07-11 10:42:19,26.40497788138867,6,,
6053,dc:a6:32:26:67:ab,29.133335,0.0,80,-58,2022-07-11T10:42:18.875+0100,2022-07-11 10:42:20,26.40497788138867,6,,
6054,dc:a6:32:26:67:ab,29.133335,0.0,88,-58,2022-07-11T10:42:20.996+0100,2022-07-11 10:42:21,26.40497788138867,6,,
6055,dc:a6:32:26:67:ab,29.133335,0.0,88,-58,2022-07-11T10:42:20.996+0100,2022-07-11 10:42:22,26.40497788138867,6,,
6056,dc:a6:32:26:67:ab,29.133335,0.0,80,-57,2022-07-11T10:42:22.997+0100,2022-07-11 10:42:23,26.40497788138867,6,,
6057,dc:a6:32:26:67:ab,29.133335,0.0,80,-57,2022-07-11T10:42:22.997+0100,2022-07-11 10:42:24,26.40497788138867,6,,
6058,dc:a6:32:26:67:ab,29.133335,0.0,80,-56,2022-07-11T10:42:25.027+0100,2022-07-11 10:42:25,26.40497788138867,6,,
6059,dc:a6:32:26:67:ab,36.83907,4.739385,80,-56,2022-07-11T10:42:27.029+0100,2022-07-11 10:42:27,23.974222350781787,6,,
6060,dc:a6:32:26:67:ab,36.83907,4.739385,80,-56,2022-07-11T10:42:27.029+0100,2022-07-11 10:42:28,23.974222350781787,6,,
6061,dc:a6:32:26:67:ab,42.239548,9.294183,80,-56,2022-07-11T10:42:29.148+0100,2022-07-11 10:42:29,23.305773065357712,6,,
6062,dc:a6:32:26:67:ab,42.239548,9.294183,80,-56,2022-07-11T10:42:29.148+0100,2022-07-11 10:42:30,23.305773065357712,6,,
6063,dc:a6:32:26:67:ab,40.016247,8.008001,80,-58,2022-07-11T10:42:31.144+0100,2022-07-11 10:42:31,22.852806054502143,6,,
6064,dc:a6:32:26:67:ab,40.016247,8.008001,80,-58,2022-07-11T10:42:31.144+0100,2022-07-11 10:42:32,22.852806054502143,6,,
6065,dc:a6:32:26:67:ab,39.97408,7.9686604,80,-58,2022-07-11T10:42:33.153+0100,2022-07-11 10:42:33,22.85886863584356,6,,
6066,dc:a6:32:26:67:ab,39.97408,7.9686604,80,-58,2022-07-11T10:42:33.153+0100,2022-07-11 10:42:35,22.85886863584356,6,,
6067,dc:a6:32:26:67:ab,39.52861,7.927495,80,-57,2022-07-11T10:42:35.174+0100,2022-07-11 10:42:36,22.627474595560265,6,,
6068,dc:a6:32:26:67:ab,35.17619,2.7895994,80,-59,2022-07-11T10:42:37.261+0100,2022-07-11 10:42:37,25.099241847590623,6,,
6069,dc:a6:32:26:67:ab,35.17619,2.7895994,80,-59,2022-07-11T10:42:37.261+0100,2022-07-11 10:42:38,25.099241847590623,6,,
6070,dc:a6:32:26:67:ab,33.599743,2.0,80,-57,2022-07-11T10:42:39.285+0100,2022-07-11 10:42:39,25.33713436829289,6,,
6071,dc:a6:32:26:67:ab,33.599743,2.0,80,-57,2022-07-11T10:42:39.285+0100,2022-07-11 10:42:40,25.33713436829289,6,,
6072,dc:a6:32:26:67:ab,33.60245,2.0,80,-57,2022-07-11T10:42:41.311+0100,2022-07-11 10:42:41,25.33792009205373,6,,
6073,dc:a6:32:26:67:ab,33.60245,2.0,80,-57,2022-07-11T10:42:41.311+0100,2022-07-11 10:42:43,25.33792009205373,6,,
6074,dc:a6:32:26:67:ab,37.24465,6.852602,80,-57,2022-07-11T10:42:43.320+0100,2022-07-11 10:42:44,22.29543175816122,6,,
6075,dc:a6:32:26:67:ab,37.24465,6.852602,80,-57,2022-07-11T10:42:43.320+0100,2022-07-11 10:42:45,22.29543175816122,6,,
6076,dc:a6:32:26:67:ab,34.39201,11.688705,80,-58,2022-07-11T10:42:45.326+0100,2022-07-11 10:42:46,16.68177298503744,6,,
6077,dc:a6:32:26:67:ab,34.37826,11.639209,80,-58,2022-07-11T10:42:47.331+0100,2022-07-11 10:42:47,16.71829298662758,6,,
6078,dc:a6:32:26:67:ab,34.37826,11.639209,80,-58,2022-07-11T10:42:47.331+0100,2022-07-11 10:42:48,16.71829298662758,6,,
6079,dc:a6:32:26:67:ab,34.375877,11.573699,80,-57,2022-07-11T10:42:49.370+0100,2022-07-11 10:42:49,16.774407256207,6,,
6080,dc:a6:32:26:67:ab,34.375877,11.573699,80,-57,2022-07-11T10:42:49.370+0100,2022-07-11 10:42:50,16.774407256207,6,,
6081,dc:a6:32:26:67:ab,34.372803,11.508188,80,-57,2022-07-11T10:42:51.370+0100,2022-07-11 10:42:52,16.830256992628275,6,,
6082,dc:a6:32:26:67:ab,34.372803,11.508188,80,-57,2022-07-11T10:42:51.370+0100,2022-07-11 10:42:53,16.830256992628275,6,,
6083,dc:a6:32:26:67:ab,30.841604,6.737596,80,-57,2022-07-11T10:42:53.400+0100,2022-07-11 10:42:54,20.0429258897206,6,,
6084,dc:a6:32:26:67:ab,30.841604,6.737596,80,-57,2022-07-11T10:42:53.400+0100,2022-07-11 10:42:55,20.0429258897206,6,,
6085,dc:a6:32:26:67:ab,34.0,2.0,80,-57,2022-07-11T10:42:55.485+0100,2022-07-11 10:42:56,25.45617374070188,6,,
6086,dc:a6:32:26:67:ab,34.0,2.0,80,-57,2022-07-11T10:42:55.485+0100,2022-07-11 10:42:57,25.45617374070188,6,,
6087,dc:a6:32:26:67:ab,34.0,2.0,80,-57,2022-07-11T10:42:57.514+0100,2022-07-11 10:42:58,25.45617374070188,6,,
6088,dc:a6:32:26:67:ab,34.0,2.0,80,-57,2022-07-11T10:42:59.531+0100,2022-07-11 10:42:59,25.45617374070188,6,,
6089,dc:a6:32:26:67:ab,34.0,2.0,80,-57,2022-07-11T10:42:59.531+0100,2022-07-11 10:43:00,25.45617374070188,6,,
6090,dc:a6:32:26:67:ab,34.0,2.0,80,-57,2022-07-11T10:43:01.623+0100,2022-07-11 10:43:01,25.45617374070188,6,,
6091,dc:a6:32:26:67:ab,34.0,2.0,80,-57,2022-07-11T10:43:01.623+0100,2022-07-11 10:43:03,25.45617374070188,6,,
6092,dc:a6:32:26:67:ab,34.0,2.0,80,-57,2022-07-11T10:43:03.637+0100,2022-07-11 10:43:04,25.45617374070188,6,,
6093,dc:a6:32:26:67:ab,34.0,2.0,80,-57,2022-07-11T10:43:03.637+0100,2022-07-11 10:43:05,25.45617374070188,6,,
6094,dc:a6:32:26:67:ab,34.0,2.0,80,-57,2022-07-11T10:43:05.663+0100,2022-07-11 10:43:06,25.45617374070188,6,,
6095,dc:a6:32:26:67:ab,36.4263,3.2131507,80,-60,2022-07-11T10:43:07.717+0100,2022-07-11 10:43:07,25.182715573867377,6,,
6096,dc:a6:32:26:67:ab,36.4263,3.2131507,80,-60,2022-07-11T10:43:07.717+0100,2022-07-11 10:43:08,25.182715573867377,6,,
6097,dc:a6:32:26:67:ab,36.418053,3.2090259,80,-56,2022-07-11T10:43:09.724+0100,2022-07-11 10:43:10,25.18315636376949,6,,
6098,dc:a6:32:26:67:ab,36.418053,3.2090259,80,-56,2022-07-11T10:43:09.724+0100,2022-07-11 10:43:11,25.18315636376949,6,,
6099,dc:a6:32:26:67:ab,40.44539,9.26653,80,-58,2022-07-11T10:43:11.779+0100,2022-07-11 10:43:12,22.134341693508755,6,,
6100,dc:a6:32:26:67:ab,40.44539,9.26653,80,-58,2022-07-11T10:43:11.779+0100,2022-07-11 10:43:13,22.134341693508755,6,,
6101,dc:a6:32:26:67:ab,40.415386,9.237778,80,-58,2022-07-11T10:43:13.810+0100,2022-07-11 10:43:14,22.137190521358395,6,,
6102,dc:a6:32:26:67:ab,44.415222,15.254035,80,-57,2022-07-11T10:43:15.827+0100,2022-07-11 10:43:15,21.235196924757467,6,,
6103,dc:a6:32:26:67:ab,44.415222,15.254035,80,-57,2022-07-11T10:43:15.827+0100,2022-07-11 10:43:16,21.235196924757467,6,,
6104,dc:a6:32:26:67:ab,42.005585,14.00837,80,-57,2022-07-11T10:43:17.870+0100,2022-07-11 10:43:18,19.952920508304672,6,,
6105,dc:a6:32:26:67:ab,42.005585,14.00837,80,-57,2022-07-11T10:43:17.870+0100,2022-07-11 10:43:19,19.952920508304672,6,,
6106,dc:a6:32:26:67:ab,36.287643,23.212114,80,-61,2022-07-11T10:43:19.862+0100,2022-07-11 10:43:20,10.489469398742964,6,,
6107,dc:a6:32:26:67:ab,36.287643,23.212114,80,-61,2022-07-11T10:43:19.862+0100,2022-07-11 10:43:21,10.489469398742964,6,,
6108,dc:a6:32:26:67:ab,30.311459,16.019289,80,-57,2022-07-11T10:43:21.872+0100,2022-07-11 10:43:22,11.00556441069162,6,,
6109,dc:a6:32:26:67:ab,30.311459,16.019289,80,-57,2022-07-11T10:43:21.872+0100,2022-07-11 10:43:23,11.00556441069162,6,,
6110,dc:a6:32:26:67:ab,30.32933,15.9189205,80,-57,2022-07-11T10:43:24.044+0100,2022-07-11 10:43:24,11.105455727897898,6,,
6111,dc:a6:32:26:67:ab,30.32933,15.9189205,80,-57,2022-07-11T10:43:24.044+0100,2022-07-11 10:43:25,11.105455727897898,6,,
6112,dc:a6:32:26:67:ab,28.859316,7.112176,80,-60,2022-07-11T10:43:26.072+0100,2022-07-11 10:43:26,19.312079948756217,6,,
6113,dc:a6:32:26:67:ab,30.11626,7.471067,80,-60,2022-07-11T10:43:28.074+0100,2022-07-11 10:43:28,19.17025000848995,6,,
6114,dc:a6:32:26:67:ab,30.11626,7.471067,80,-60,2022-07-11T10:43:28.074+0100,2022-07-11 10:43:29,19.17025000848995,6,,
6115,dc:a6:32:26:67:ab,36.416668,0.0,80,-58,2022-07-11T10:43:30.122+0100,2022-07-11 10:43:30,28.14814653011996,6,,
6116,dc:a6:32:26:67:ab,36.416668,0.0,80,-58,2022-07-11T10:43:30.122+0100,2022-07-11 10:43:31,28.14814653011996,6,,
6117,dc:a6:32:26:67:ab,36.416668,0.0,80,-60,2022-07-11T10:43:32.195+0100,2022-07-11 10:43:32,28.14814653011996,6,,
6118,dc:a6:32:26:67:ab,36.416668,0.0,80,-60,2022-07-11T10:43:32.195+0100,2022-07-11 10:43:33,28.14814653011996,6,,
6119,dc:a6:32:26:67:ab,43.7,0.0,80,-58,2022-07-11T10:43:34.226+0100,2022-07-11 10:43:34,31.51995072199194,6,,
6120,dc:a6:32:26:67:ab,43.7,0.0,80,-58,2022-07-11T10:43:34.226+0100,2022-07-11 10:43:35,31.51995072199194,6,,
6121,dc:a6:32:26:67:ab,43.7,0.0,80,-58,2022-07-11T10:43:36.351+0100,2022-07-11 10:43:36,31.51995072199194,6,,
6122,dc:a6:32:26:67:ab,43.7,0.0,80,-58,2022-07-11T10:43:36.351+0100,2022-07-11 10:43:37,31.51995072199194,6,,
6123,dc:a6:32:26:67:ab,43.7,0.0,88,-58,2022-07-11T10:43:38.420+0100,2022-07-11 10:43:39,31.51995072199194,6,,
6124,dc:a6:32:26:67:ab,43.7,0.0,88,-58,2022-07-11T10:43:38.420+0100,2022-07-11 10:43:40,31.51995072199194,6,,
6125,dc:a6:32:26:67:ab,43.7,0.0,88,-58,2022-07-11T10:43:40.441+0100,2022-07-11 10:43:41,31.51995072199194,6,,
6126,dc:a6:32:26:67:ab,50.983337,0.0,80,-57,2022-07-11T10:43:42.458+0100,2022-07-11 10:43:42,36.06647378609516,6,,
6127,dc:a6:32:26:67:ab,50.983337,0.0,80,-57,2022-07-11T10:43:42.458+0100,2022-07-11 10:43:43,36.06647378609516,6,,
6128,dc:a6:32:26:67:ab,50.983337,0.0,96,-57,2022-07-11T10:43:44.491+0100,2022-07-11 10:43:44,36.06647378609516,6,,
6129,dc:a6:32:26:67:ab,50.983337,0.0,96,-57,2022-07-11T10:43:44.491+0100,2022-07-11 10:43:45,36.06647378609516,6,,
6130,dc:a6:32:26:67:ab,50.983337,0.0,96,-58,2022-07-11T10:43:46.497+0100,2022-07-11 10:43:47,36.06647378609516,6,,
6131,dc:a6:32:26:67:ab,50.983337,0.0,96,-58,2022-07-11T10:43:46.497+0100,2022-07-11 10:43:48,36.06647378609516,6,,
6132,dc:a6:32:26:67:ab,50.983337,0.0,104,-57,2022-07-11T10:43:48.668+0100,2022-07-11 10:43:49,36.06647378609516,6,,
6133,dc:a6:32:26:67:ab,50.983337,0.0,104,-57,2022-07-11T10:43:48.668+0100,2022-07-11 10:43:50,36.06647378609516,6,,
6134,dc:a6:32:26:67:ab,50.983337,0.0,80,-57,2022-07-11T10:43:50.671+0100,2022-07-11 10:43:51,36.06647378609516,6,,
6135,dc:a6:32:26:67:ab,50.983337,0.0,80,-57,2022-07-11T10:43:50.671+0100,2022-07-11 10:43:52,36.06647378609516,6,,
6136,dc:a6:32:26:67:ab,36.416668,0.0,80,-57,2022-07-11T10:43:52.711+0100,2022-07-11 10:43:53,28.14814653011996,6,,
6137,dc:a6:32:26:67:ab,36.416668,0.0,80,-57,2022-07-11T10:43:54.822+0100,2022-07-11 10:43:54,28.14814653011996,6,,
6138,dc:a6:32:26:67:ab,36.416668,0.0,80,-57,2022-07-11T10:43:54.822+0100,2022-07-11 10:43:55,28.14814653011996,6,,
6139,dc:a6:32:26:67:ab,24.537739,12.237026,80,-56,2022-07-11T10:43:56.826+0100,2022-07-11 10:43:56,14.113544630318671,6,,
6140,dc:a6:32:26:67:ab,24.537739,12.237026,80,-56,2022-07-11T10:43:56.826+0100,2022-07-11 10:43:57,14.113544630318671,6,,
6141,dc:a6:32:26:67:ab,27.204548,16.44895,88,-59,2022-07-11T10:43:58.871+0100,2022-07-11 10:43:59,9.844477205544436,6,,
6142,dc:a6:32:26:67:ab,27.204548,16.44895,88,-59,2022-07-11T10:43:58.871+0100,2022-07-11 10:44:00,9.844477205544436,6,,
6143,dc:a6:32:26:67:ab,27.262371,16.361002,80,-60,2022-07-11T10:44:00.882+0100,2022-07-11 10:44:01,9.937754642238106,6,,
6144,dc:a6:32:26:67:ab,27.262371,16.361002,80,-60,2022-07-11T10:44:00.882+0100,2022-07-11 10:44:02,9.937754642238106,6,,
6145,dc:a6:32:26:67:ab,34.84412,20.534285,80,-57,2022-07-11T10:44:02.949+0100,2022-07-11 10:44:03,10.322170333278992,6,,
6146,dc:a6:32:26:67:ab,34.84412,20.534285,80,-57,2022-07-11T10:44:02.949+0100,2022-07-11 10:44:04,10.322170333278992,6,,
6147,dc:a6:32:26:67:ab,34.851864,20.418234,80,-57,2022-07-11T10:44:04.989+0100,2022-07-11 10:44:05,10.393255135564216,6,,
6148,dc:a6:32:26:67:ab,44.4255,15.900663,80,-57,2022-07-11T10:44:06.970+0100,2022-07-11 10:44:07,20.916714315007724,6,,
6149,dc:a6:32:26:67:ab,44.4255,15.900663,80,-57,2022-07-11T10:44:06.970+0100,2022-07-11 10:44:08,20.916714315007724,6,,
6150,dc:a6:32:26:67:ab,41.205025,11.606696,80,-57,2022-07-11T10:44:09.001+0100,2022-07-11 10:44:09,20.930389179219794,6,,
6151,dc:a6:32:26:67:ab,41.205025,11.606696,80,-57,2022-07-11T10:44:09.001+0100,2022-07-11 10:44:10,20.930389179219794,6,,
6152,dc:a6:32:26:67:ab,35.494152,20.841522,80,-57,2022-07-11T10:44:11.081+0100,2022-07-11 10:44:11,10.711263418188723,6,,
6153,dc:a6:32:26:67:ab,35.494152,20.841522,80,-57,2022-07-11T10:44:11.081+0100,2022-07-11 10:44:12,10.711263418188723,6,,
6154,dc:a6:32:26:67:ab,35.97966,22.105545,80,-57,2022-07-11T10:44:13.117+0100,2022-07-11 10:44:13,10.577308326045197,6,,
6155,dc:a6:32:26:67:ab,35.97966,22.105545,80,-57,2022-07-11T10:44:13.117+0100,2022-07-11 10:44:14,10.577308326045197,6,,
6156,dc:a6:32:26:67:ab,35.979664,21.988678,80,-57,2022-07-11T10:44:15.132+0100,2022-07-11 10:44:15,10.62361146601757,6,,
6157,dc:a6:32:26:67:ab,36.480732,23.213268,80,-58,2022-07-11T10:44:17.162+0100,2022-07-11 10:44:17,10.674119760076149,6,,
6158,dc:a6:32:26:67:ab,36.480732,23.213268,80,-58,2022-07-11T10:44:17.162+0100,2022-07-11 10:44:18,10.674119760076149,6,,
6159,dc:a6:32:26:67:ab,40.11784,27.941366,80,-58,2022-07-11T10:44:19.169+0100,2022-07-11 10:44:19,13.974254725019009,6,,
6160,dc:a6:32:26:67:ab,40.11784,27.941366,80,-58,2022-07-11T10:44:19.169+0100,2022-07-11 10:44:20,13.974254725019009,6,,
6161,dc:a6:32:26:67:ab,39.91629,28.062803,80,-58,2022-07-11T10:44:21.177+0100,2022-07-11 10:44:21,13.789680977012807,6,,
6162,dc:a6:32:26:67:ab,39.91629,28.062803,80,-58,2022-07-11T10:44:21.177+0100,2022-07-11 10:44:22,13.789680977012807,6,,
6163,dc:a6:32:26:67:ab,35.935707,22.035543,80,-57,2022-07-11T10:44:23.194+0100,2022-07-11 10:44:23,10.56458616375947,6,,
6164,dc:a6:32:26:67:ab,35.935707,22.035543,80,-57,2022-07-11T10:44:23.194+0100,2022-07-11 10:44:24,10.56458616375947,6,,
6165,dc:a6:32:26:67:ab,34.304783,23.516075,80,-57,2022-07-11T10:44:25.197+0100,2022-07-11 10:44:25,8.5081608722446,6,,
6166,dc:a6:32:26:67:ab,34.304783,23.516075,80,-57,2022-07-11T10:44:25.197+0100,2022-07-11 10:44:26,8.5081608722446,6,,
6167,dc:a6:32:26:67:ab,34.014923,22.345871,80,-57,2022-07-11T10:44:27.248+0100,2022-07-11 10:44:28,8.692617601735973,6,,
6168,dc:a6:32:26:67:ab,30.498848,17.517529,80,-58,2022-07-11T10:44:29.311+0100,2022-07-11 10:44:29,9.709756332826537,6,,
6169,dc:a6:32:26:67:ab,30.498848,17.517529,80,-58,2022-07-11T10:44:29.311+0100,2022-07-11 10:44:30,9.709756332826537,6,,
6170,dc:a6:32:26:67:ab,39.651585,13.245906,80,-58,2022-07-11T10:44:31.362+0100,2022-07-11 10:44:31,18.673820453533896,6,,
6171,dc:a6:32:26:67:ab,39.651585,13.245906,80,-58,2022-07-11T10:44:31.362+0100,2022-07-11 10:44:32,18.673820453533896,6,,
6172,dc:a6:32:26:67:ab,33.964455,22.486717,80,-57,2022-07-11T10:44:33.477+0100,2022-07-11 10:44:33,8.584931921118189,6,,
6173,dc:a6:32:26:67:ab,33.964455,22.486717,80,-57,2022-07-11T10:44:33.477+0100,2022-07-11 10:44:34,8.584931921118189,6,,
6174,dc:a6:32:26:67:ab,35.49313,20.82858,80,-59,2022-07-11T10:44:35.476+0100,2022-07-11 10:44:36,10.71691835126591,6,,
6175,dc:a6:32:26:67:ab,35.49313,20.82858,80,-59,2022-07-11T10:44:35.476+0100,2022-07-11 10:44:37,10.71691835126591,6,,
6176,dc:a6:32:26:67:ab,36.422543,21.23353,80,-58,2022-07-11T10:44:37.509+0100,2022-07-11 10:44:38,11.343696386250338,6,,
6177,dc:a6:32:26:67:ab,38.85869,25.974342,80,-60,2022-07-11T10:44:39.509+0100,2022-07-11 10:44:39,12.614910901618927,6,,
6178,dc:a6:32:26:67:ab,38.85869,25.974342,80,-60,2022-07-11T10:44:39.509+0100,2022-07-11 10:44:40,12.614910901618927,6,,
6179,dc:a6:32:26:67:ab,30.845486,22.33301,80,-59,2022-07-11T10:44:41.574+0100,2022-07-11 10:44:41,6.038689815419898,6,,
6180,dc:a6:32:26:67:ab,30.845486,22.33301,80,-59,2022-07-11T10:44:41.574+0100,2022-07-11 10:44:42,6.038689815419898,6,,
6181,dc:a6:32:26:67:ab,31.4889,14.393424,80,-54,2022-07-11T10:44:43.603+0100,2022-07-11 10:44:44,12.960751414019793,6,,
6182,dc:a6:32:26:67:ab,31.4889,14.393424,80,-54,2022-07-11T10:44:43.603+0100,2022-07-11 10:44:45,12.960751414019793,6,,
6183,dc:a6:32:26:67:ab,25.827774,23.613613,80,-57,2022-07-11T10:44:45.641+0100,2022-07-11 10:44:46,2.666227339212655,6,,
6184,dc:a6:32:26:67:ab,25.827774,23.613613,80,-57,2022-07-11T10:44:45.641+0100,2022-07-11 10:44:47,2.666227339212655,6,,
6185,dc:a6:32:26:67:ab,25.594362,24.465973,80,-57,2022-07-11T10:44:47.648+0100,2022-07-11 10:44:48,1.8964785361751373,6,,
6186,dc:a6:32:26:67:ab,22.90869,19.628128,80,-56,2022-07-11T10:44:49.719+0100,2022-07-11 10:44:49,7.412705602097253,6,,
6187,dc:a6:32:26:67:ab,22.90869,19.628128,80,-56,2022-07-11T10:44:49.719+0100,2022-07-11 10:44:50,7.412705602097253,6,,
6188,dc:a6:32:26:67:ab,24.061224,23.18452,80,-58,2022-07-11T10:44:51.755+0100,2022-07-11 10:44:51,3.762108664833594,6,,
6189,dc:a6:32:26:67:ab,24.061224,23.18452,80,-58,2022-07-11T10:44:51.755+0100,2022-07-11 10:44:53,3.762108664833594,6,,
6190,dc:a6:32:26:67:ab,34.080956,29.158642,80,-57,2022-07-11T10:44:53.756+0100,2022-07-11 10:44:54,8.357903052666979,6,,
6191,dc:a6:32:26:67:ab,34.080956,29.158642,80,-57,2022-07-11T10:44:53.756+0100,2022-07-11 10:44:55,8.357903052666979,6,,
6192,dc:a6:32:26:67:ab,36.35242,24.831858,80,-58,2022-07-11T10:44:55.808+0100,2022-07-11 10:44:56,10.204264156177262,6,,
6193,dc:a6:32:26:67:ab,36.35242,24.831858,80,-58,2022-07-11T10:44:55.808+0100,2022-07-11 10:44:57,10.204264156177262,6,,
6194,dc:a6:32:26:67:ab,32.404102,18.811354,80,-57,2022-07-11T10:44:57.868+0100,2022-07-11 10:44:58,9.65391219391807,6,,
6195,dc:a6:32:26:67:ab,32.404102,18.811354,80,-57,2022-07-11T10:44:57.868+0100,2022-07-11 10:44:59,9.65391219391807,6,,
6196,dc:a6:32:26:67:ab,35.233974,19.909742,80,-60,2022-07-11T10:44:59.873+0100,2022-07-11 10:45:00,10.99672790574542,6,,
6197,dc:a6:32:26:67:ab,35.233974,19.909742,80,-60,2022-07-11T10:44:59.873+0100,2022-07-11 10:45:01,10.99672790574542,6,,
6198,dc:a6:32:26:67:ab,32.708683,24.386835,80,-60,2022-07-11T10:45:01.922+0100,2022-07-11 10:45:02,6.7242946118231615,6,,
6199,dc:a6:32:26:67:ab,32.708683,24.386835,80,-60,2022-07-11T10:45:01.922+0100,2022-07-11 10:45:03,6.7242946118231615,6,,
6200,dc:a6:32:26:67:ab,27.601036,17.207571,80,-58,2022-07-11T10:45:04.014+0100,2022-07-11 10:45:04,9.140043023534242,6,,
6201,dc:a6:32:26:67:ab,27.601036,17.207571,80,-58,2022-07-11T10:45:04.014+0100,2022-07-11 10:45:06,9.140043023534242,6,,
6202,dc:a6:32:26:67:ab,30.781677,12.398601,80,-57,2022-07-11T10:45:06.019+0100,2022-07-11 10:45:07,14.57176155548841,6,,
6203,dc:a6:32:26:67:ab,30.803106,12.328037,80,-57,2022-07-11T10:45:08.049+0100,2022-07-11 10:45:08,14.645490426594971,6,,
6204,dc:a6:32:26:67:ab,30.803106,12.328037,80,-57,2022-07-11T10:45:08.049+0100,2022-07-11 10:45:09,14.645490426594971,6,,
6205,dc:a6:32:26:67:ab,32.92102,16.337378,80,-59,2022-07-11T10:45:10.129+0100,2022-07-11 10:45:10,11.947440703471347,6,,
6206,dc:a6:32:26:67:ab,32.92102,16.337378,80,-59,2022-07-11T10:45:10.129+0100,2022-07-11 10:45:11,11.947440703471347,6,,
6207,dc:a6:32:26:67:ab,38.433094,7.239113,80,-58,2022-07-11T10:45:12.167+0100,2022-07-11 10:45:12,22.578680987478545,6,,
6208,dc:a6:32:26:67:ab,38.433094,7.239113,80,-58,2022-07-11T10:45:12.167+0100,2022-07-11 10:45:13,22.578680987478545,6,,
6209,dc:a6:32:26:67:ab,38.402847,7.2033644,80,-58,2022-07-11T10:45:14.170+0100,2022-07-11 10:45:14,22.5924946862488,6,,
6210,dc:a6:32:26:67:ab,38.402847,7.2033644,80,-58,2022-07-11T10:45:14.170+0100,2022-07-11 10:45:15,22.5924946862488,6,,
6211,dc:a6:32:26:67:ab,38.373043,7.168143,80,-58,2022-07-11T10:45:16.215+0100,2022-07-11 10:45:16,22.60618963570062,6,,
6212,dc:a6:32:26:67:ab,38.373043,7.168143,80,-58,2022-07-11T10:45:16.215+0100,2022-07-11 10:45:18,22.60618963570062,6,,
6213,dc:a6:32:26:67:ab,38.342796,7.132396,80,-58,2022-07-11T10:45:18.293+0100,2022-07-11 10:45:19,22.62017764242253,6,,
6214,dc:a6:32:26:67:ab,38.342796,7.132396,80,-58,2022-07-11T10:45:18.293+0100,2022-07-11 10:45:20,22.62017764242253,6,,
6215,dc:a6:32:26:67:ab,29.133335,0.0,80,-59,2022-07-11T10:45:20.313+0100,2022-07-11 10:45:21,26.40497788138867,6,,
6216,dc:a6:32:26:67:ab,29.133335,0.0,80,-59,2022-07-11T10:45:20.313+0100,2022-07-11 10:45:22,26.40497788138867,6,,
6217,dc:a6:32:26:67:ab,34.475986,3.1203468,88,-59,2022-07-11T10:45:22.323+0100,2022-07-11 10:45:23,24.546893006741897,6,,
6218,dc:a6:32:26:67:ab,34.485893,3.1279454,80,-57,2022-07-11T10:45:24.365+0100,2022-07-11 10:45:24,24.543058300251296,6,,
6219,dc:a6:32:26:67:ab,34.485893,3.1279454,80,-57,2022-07-11T10:45:24.365+0100,2022-07-11 10:45:25,24.543058300251296,6,,
6220,dc:a6:32:26:67:ab,35.7572,3.5446677,80,-59,2022-07-11T10:45:26.432+0100,2022-07-11 10:45:26,24.61366304438117,6,,
6221,dc:a6:32:26:67:ab,35.7572,3.5446677,80,-59,2022-07-11T10:45:26.432+0100,2022-07-11 10:45:27,24.61366304438117,6,,
6222,dc:a6:32:26:67:ab,39.573116,12.032545,80,-59,2022-07-11T10:45:28.464+0100,2022-07-11 10:45:28,19.484239817848707,6,,
6223,dc:a6:32:26:67:ab,39.573116,12.032545,80,-59,2022-07-11T10:45:28.464+0100,2022-07-11 10:45:30,19.484239817848707,6,,
6224,dc:a6:32:26:67:ab,46.662594,23.777658,80,-57,2022-07-11T10:45:30.487+0100,2022-07-11 10:45:31,20.56463416508351,6,,
6225,dc:a6:32:26:67:ab,46.662594,23.777658,80,-57,2022-07-11T10:45:30.487+0100,2022-07-11 10:45:32,20.56463416508351,6,,
6226,dc:a6:32:26:67:ab,46.465893,24.52865,80,-58,2022-07-11T10:45:32.514+0100,2022-07-11 10:45:33,20.292035908918283,6,,
6227,dc:a6:32:26:67:ab,46.465893,24.52865,80,-58,2022-07-11T10:45:32.514+0100,2022-07-11 10:45:34,20.292035908918283,6,,
6228,dc:a6:32:26:67:ab,50.842983,29.65308,80,-57,2022-07-11T10:45:34.525+0100,2022-07-11 10:45:35,24.83101774021292,6,,
6229,dc:a6:32:26:67:ab,46.331757,33.942577,80,-59,2022-07-11T10:45:36.532+0100,2022-07-11 10:45:36,21.508949910579503,6,,
6230,dc:a6:32:26:67:ab,46.331757,33.942577,80,-59,2022-07-11T10:45:36.532+0100,2022-07-11 10:45:37,21.508949910579503,6,,
6231,dc:a6:32:26:67:ab,42.70747,25.8987,80,-61,2022-07-11T10:45:38.542+0100,2022-07-11 10:45:38,16.464428580515634,6,,
6232,dc:a6:32:26:67:ab,42.70747,25.8987,80,-61,2022-07-11T10:45:38.542+0100,2022-07-11 10:45:39,16.464428580515634,6,,
6233,dc:a6:32:26:67:ab,43.567192,23.150227,80,-59,2022-07-11T10:45:40.665+0100,2022-07-11 10:45:40,17.595085086518704,6,,
6234,dc:a6:32:26:67:ab,43.567192,23.150227,80,-59,2022-07-11T10:45:40.665+0100,2022-07-11 10:45:41,17.595085086518704,6,,
6235,dc:a6:32:26:67:ab,43.23495,21.994703,80,-60,2022-07-11T10:45:42.668+0100,2022-07-11 10:45:43,17.51227018696288,6,,
6236,dc:a6:32:26:67:ab,43.23495,21.994703,80,-60,2022-07-11T10:45:42.668+0100,2022-07-11 10:45:44,17.51227018696288,6,,
6237,dc:a6:32:26:67:ab,38.87153,16.777061,80,-56,2022-07-11T10:45:44.691+0100,2022-07-11 10:45:45,15.781643422419004,6,,
6238,dc:a6:32:26:67:ab,38.87153,16.777061,80,-56,2022-07-11T10:45:44.691+0100,2022-07-11 10:45:46,15.781643422419004,6,,
6239,dc:a6:32:26:67:ab,41.9699,11.964397,80,-59,2022-07-11T10:45:46.689+0100,2022-07-11 10:45:47,21.241542777979408,6,,
6240,dc:a6:32:26:67:ab,41.9699,11.964397,80,-59,2022-07-11T10:45:46.689+0100,2022-07-11 10:45:48,21.241542777979408,6,,
6241,dc:a6:32:26:67:ab,46.773346,18.373127,80,-59,2022-07-11T10:45:48.710+0100,2022-07-11 10:45:49,21.98490031074794,6,,
6242,dc:a6:32:26:67:ab,46.773346,18.373127,80,-59,2022-07-11T10:45:48.710+0100,2022-07-11 10:45:50,21.98490031074794,6,,
6243,dc:a6:32:26:67:ab,36.72793,22.486555,80,-58,2022-07-11T10:45:50.749+0100,2022-07-11 10:45:51,11.13528643059194,6,,
6244,dc:a6:32:26:67:ab,37.991592,23.351654,80,-57,2022-07-11T10:45:52.749+0100,2022-07-11 10:45:52,12.096422009864732,6,,
6245,dc:a6:32:26:67:ab,37.991592,23.351654,80,-57,2022-07-11T10:45:52.749+0100,2022-07-11 10:45:54,12.096422009864732,6,,
6246,dc:a6:32:26:67:ab,33.15047,30.083384,80,-60,2022-07-11T10:45:54.788+0100,2022-07-11 10:45:55,7.898212121195276,6,,
6247,dc:a6:32:26:67:ab,33.15047,30.083384,80,-60,2022-07-11T10:45:54.788+0100,2022-07-11 10:45:56,7.898212121195276,6,,
6248,dc:a6:32:26:67:ab,33.138905,29.915197,80,-57,2022-07-11T10:45:56.790+0100,2022-07-11 10:45:57,7.8076845206344,6,,
6249,dc:a6:32:26:67:ab,23.992073,24.663635,80,-59,2022-07-11T10:45:58.811+0100,2022-07-11 10:45:58,2.754921271440256,6,,
6250,dc:a6:32:26:67:ab,23.992073,24.663635,80,-59,2022-07-11T10:45:58.811+0100,2022-07-11 10:45:59,2.754921271440256,6,,
6251,dc:a6:32:26:67:ab,29.53391,15.494561,80,-59,2022-07-11T10:46:00.824+0100,2022-07-11 10:46:01,11.243422132846431,6,,
6252,dc:a6:32:26:67:ab,29.53391,15.494561,80,-59,2022-07-11T10:46:00.824+0100,2022-07-11 10:46:02,11.243422132846431,6,,
6253,dc:a6:32:26:67:ab,26.47709,10.721137,80,-60,2022-07-11T10:46:02.828+0100,2022-07-11 10:46:03,15.527292031348832,6,,
6254,dc:a6:32:26:67:ab,26.47709,10.721137,80,-60,2022-07-11T10:46:02.828+0100,2022-07-11 10:46:04,15.527292031348832,6,,
6255,dc:a6:32:26:67:ab,29.621456,5.6162,80,-58,2022-07-11T10:46:04.852+0100,2022-07-11 10:46:05,20.90471713609385,6,,
6256,dc:a6:32:26:67:ab,29.621456,5.6162,80,-58,2022-07-11T10:46:04.852+0100,2022-07-11 10:46:06,20.90471713609385,6,,
6257,dc:a6:32:26:67:ab,29.643702,5.5999765,80,-60,2022-07-11T10:46:06.849+0100,2022-07-11 10:46:07,20.924328038508577,6,,
6258,dc:a6:32:26:67:ab,29.643702,5.5999765,80,-60,2022-07-11T10:46:06.849+0100,2022-07-11 10:46:08,20.924328038508577,6,,
6259,dc:a6:32:26:67:ab,37.628613,9.248736,80,-59,2022-07-11T10:46:08.931+0100,2022-07-11 10:46:09,20.45675801117336,6,,
6260,dc:a6:32:26:67:ab,37.628613,9.248736,80,-59,2022-07-11T10:46:08.931+0100,2022-07-11 10:46:10,20.45675801117336,6,,
6261,dc:a6:32:26:67:ab,37.61608,9.215901,80,-59,2022-07-11T10:46:10.966+0100,2022-07-11 10:46:11,20.477088235888445,6,,
6262,dc:a6:32:26:67:ab,36.023132,8.382305,80,-61,2022-07-11T10:46:12.978+0100,2022-07-11 10:46:13,20.36456616002337,6,,
6263,dc:a6:32:26:67:ab,36.023132,8.382305,80,-61,2022-07-11T10:46:12.978+0100,2022-07-11 10:46:14,20.36456616002337,6,,
6264,dc:a6:32:26:67:ab,37.577946,6.7705936,80,-61,2022-07-11T10:46:15.004+0100,2022-07-11 10:46:15,22.532558270463937,6,,
6265,dc:a6:32:26:67:ab,37.577946,6.7705936,80,-61,2022-07-11T10:46:15.004+0100,2022-07-11 10:46:16,22.532558270463937,6,,
6266,dc:a6:32:26:67:ab,33.104977,7.9507465,80,-58,2022-07-11T10:46:17.082+0100,2022-07-11 10:46:17,19.5391487887971,6,,
6267,dc:a6:32:26:67:ab,33.104977,7.9507465,80,-58,2022-07-11T10:46:17.082+0100,2022-07-11 10:46:18,19.5391487887971,6,,
6268,dc:a6:32:26:67:ab,21.88362,5.6353273,80,-59,2022-07-11T10:46:19.118+0100,2022-07-11 10:46:19,21.06813116162925,6,,
6269,dc:a6:32:26:67:ab,21.88362,5.6353273,80,-59,2022-07-11T10:46:19.118+0100,2022-07-11 10:46:20,21.06813116162925,6,,
6270,dc:a6:32:26:67:ab,21.939991,5.618829,80,-58,2022-07-11T10:46:21.119+0100,2022-07-11 10:46:21,21.072679036784145,6,,
6271,dc:a6:32:26:67:ab,21.939991,5.618829,80,-58,2022-07-11T10:46:21.119+0100,2022-07-11 10:46:22,21.072679036784145,6,,
6272,dc:a6:32:26:67:ab,22.022041,5.594201,80,-58,2022-07-11T10:46:23.222+0100,2022-07-11 10:46:24,21.080191026136408,6,,
6273,dc:a6:32:26:67:ab,22.022041,5.594201,80,-58,2022-07-11T10:46:23.222+0100,2022-07-11 10:46:25,21.080191026136408,6,,
6274,dc:a6:32:26:67:ab,22.103765,5.569696,80,-57,2022-07-11T10:46:25.235+0100,2022-07-11 10:46:26,21.08799178747472,6,,
6275,dc:a6:32:26:67:ab,26.498808,4.368798,80,-57,2022-07-11T10:46:27.268+0100,2022-07-11 10:46:27,21.87937429173485,6,,
6276,dc:a6:32:26:67:ab,26.498808,4.368798,80,-57,2022-07-11T10:46:27.268+0100,2022-07-11 10:46:28,21.87937429173485,6,,
6277,dc:a6:32:26:67:ab,34.0,2.0,80,-57,2022-07-11T10:46:29.386+0100,2022-07-11 10:46:29,25.45617374070188,6,,
6278,dc:a6:32:26:67:ab,34.0,2.0,80,-57,2022-07-11T10:46:29.386+0100,2022-07-11 10:46:30,25.45617374070188,6,,
6279,dc:a6:32:26:67:ab,34.0,2.0,80,-57,2022-07-11T10:46:31.387+0100,2022-07-11 10:46:31,25.45617374070188,6,,
6280,dc:a6:32:26:67:ab,34.0,2.0,80,-57,2022-07-11T10:46:31.387+0100,2022-07-11 10:46:32,25.45617374070188,6,,
6281,dc:a6:32:26:67:ab,29.551783,10.087671,80,-56,2022-07-11T10:46:33.498+0100,2022-07-11 10:46:33,16.49358378334951,6,,
6282,dc:a6:32:26:67:ab,29.551783,10.087671,80,-56,2022-07-11T10:46:33.498+0100,2022-07-11 10:46:34,16.49358378334951,6,,
6283,dc:a6:32:26:67:ab,25.118687,18.147842,80,-56,2022-07-11T10:46:35.515+0100,2022-07-11 10:46:36,8.177058352975903,6,,
6284,dc:a6:32:26:67:ab,25.118687,18.147842,80,-56,2022-07-11T10:46:35.515+0100,2022-07-11 10:46:37,8.177058352975903,6,,
6285,dc:a6:32:26:67:ab,21.524607,18.874115,80,-57,2022-07-11T10:46:37.536+0100,2022-07-11 10:46:38,8.7552073459624,6,,
6286,dc:a6:32:26:67:ab,21.524607,18.874115,80,-57,2022-07-11T10:46:37.536+0100,2022-07-11 10:46:39,8.7552073459624,6,,
6287,dc:a6:32:26:67:ab,21.597033,18.762182,80,-57,2022-07-11T10:46:39.545+0100,2022-07-11 10:46:40,8.81123704546717,6,,
6288,dc:a6:32:26:67:ab,21.597033,18.762182,80,-57,2022-07-11T10:46:39.545+0100,2022-07-11 10:46:41,8.81123704546717,6,,
6289,dc:a6:32:26:67:ab,26.938814,24.713253,80,-57,2022-07-11T10:46:41.645+0100,2022-07-11 10:46:42,1.6824134880953006,6,,
6290,dc:a6:32:26:67:ab,29.891497,18.784128,88,-59,2022-07-11T10:46:43.699+0100,2022-07-11 10:46:43,8.305099562208332,6,,
6291,dc:a6:32:26:67:ab,29.891497,18.784128,88,-59,2022-07-11T10:46:43.699+0100,2022-07-11 10:46:44,8.305099562208332,6,,
6292,dc:a6:32:26:67:ab,34.44614,10.426099,80,-57,2022-07-11T10:46:45.684+0100,2022-07-11 10:46:46,17.819162078000215,6,,
6293,dc:a6:32:26:67:ab,34.44614,10.426099,80,-57,2022-07-11T10:46:45.684+0100,2022-07-11 10:46:47,17.819162078000215,6,,
6294,dc:a6:32:26:67:ab,38.149986,9.542319,80,-57,2022-07-11T10:46:47.689+0100,2022-07-11 10:46:48,20.51157610315592,6,,
6295,dc:a6:32:26:67:ab,38.149986,9.542319,80,-57,2022-07-11T10:46:47.689+0100,2022-07-11 10:46:49,20.51157610315592,6,,
6296,dc:a6:32:26:67:ab,38.126278,9.487508,80,-57,2022-07-11T10:46:49.801+0100,2022-07-11 10:46:50,20.542518957915263,6,,
6297,dc:a6:32:26:67:ab,32.74336,3.2566416,80,-58,2022-07-11T10:46:51.812+0100,2022-07-11 10:46:51,23.89037538691568,6,,
6298,dc:a6:32:26:67:ab,32.74336,3.2566416,80,-58,2022-07-11T10:46:51.812+0100,2022-07-11 10:46:53,23.89037538691568,6,,
6299,dc:a6:32:26:67:ab,29.1474,3.2131507,80,-59,2022-07-11T10:46:53.836+0100,2022-07-11 10:46:54,23.2154960998102,6,,
6300,dc:a6:32:26:67:ab,29.1474,3.2131507,80,-59,2022-07-11T10:46:53.836+0100,2022-07-11 10:46:55,23.2154960998102,6,,
6301,dc:a6:32:26:67:ab,29.150732,3.2123172,80,-59,2022-07-11T10:46:55.834+0100,2022-07-11 10:46:56,23.21673960849783,6,,
6302,dc:a6:32:26:67:ab,29.150732,3.2123172,80,-59,2022-07-11T10:46:55.834+0100,2022-07-11 10:46:57,23.21673960849783,6,,
6303,dc:a6:32:26:67:ab,32.836346,8.053379,80,-57,2022-07-11T10:46:57.843+0100,2022-07-11 10:46:58,19.3499567845036,6,,
6304,dc:a6:32:26:67:ab,32.836346,8.053379,80,-57,2022-07-11T10:46:57.843+0100,2022-07-11 10:46:59,19.3499567845036,6,,
6305,dc:a6:32:26:67:ab,36.90032,14.094505,80,-57,2022-07-11T10:46:59.872+0100,2022-07-11 10:47:00,16.16092578926792,6,,
6306,dc:a6:32:26:67:ab,41.74742,19.28962,80,-57,2022-07-11T10:47:01.951+0100,2022-07-11 10:47:02,16.990377891618536,6,,
6307,dc:a6:32:26:67:ab,41.74742,19.28962,80,-57,2022-07-11T10:47:01.951+0100,2022-07-11 10:47:03,16.990377891618536,6,,
6308,dc:a6:32:26:67:ab,47.056328,18.838585,88,-59,2022-07-11T10:47:03.969+0100,2022-07-11 10:47:04,22.088916888156582,6,,
6309,dc:a6:32:26:67:ab,47.056328,18.838585,88,-59,2022-07-11T10:47:03.969+0100,2022-07-11 10:47:05,22.088916888156582,6,,
6310,dc:a6:32:26:67:ab,46.96484,18.720633,80,-57,2022-07-11T10:47:05.993+0100,2022-07-11 10:47:06,22.04274215849673,6,,
6311,dc:a6:32:26:67:ab,46.96484,18.720633,80,-57,2022-07-11T10:47:05.993+0100,2022-07-11 10:47:07,22.04274215849673,6,,
6312,dc:a6:32:26:67:ab,37.21303,23.430208,80,-58,2022-07-11T10:47:08.031+0100,2022-07-11 10:47:08,11.32222128657818,6,,
6313,dc:a6:32:26:67:ab,37.21303,23.430208,80,-58,2022-07-11T10:47:08.031+0100,2022-07-11 10:47:09,11.32222128657818,6,,
6314,dc:a6:32:26:67:ab,34.3038,15.029949,80,-56,2022-07-11T10:47:10.028+0100,2022-07-11 10:47:11,13.810593390323278,6,,
6315,dc:a6:32:26:67:ab,28.959934,9.552153,80,-55,2022-07-11T10:47:12.043+0100,2022-07-11 10:47:12,16.913606875154837,6,,
6316,dc:a6:32:26:67:ab,28.959934,9.552153,80,-55,2022-07-11T10:47:12.043+0100,2022-07-11 10:47:13,16.913606875154837,6,,
6317,dc:a6:32:26:67:ab,33.680294,14.399329,80,-58,2022-07-11T10:47:14.049+0100,2022-07-11 10:47:14,13.98637536749093,6,,
6318,dc:a6:32:26:67:ab,33.680294,14.399329,80,-58,2022-07-11T10:47:14.049+0100,2022-07-11 10:47:15,13.98637536749093,6,,
6319,dc:a6:32:26:67:ab,34.91144,11.905456,80,-58,2022-07-11T10:47:16.153+0100,2022-07-11 10:47:16,16.755572977254346,6,,
6320,dc:a6:32:26:67:ab,34.91144,11.905456,80,-58,2022-07-11T10:47:16.153+0100,2022-07-11 10:47:17,16.755572977254346,6,,
6321,dc:a6:32:26:67:ab,35.5735,4.1418304,88,-57,2022-07-11T10:47:18.164+0100,2022-07-11 10:47:19,23.991977188147462,6,,
6322,dc:a6:32:26:67:ab,34.308434,6.192723,80,-59,2022-07-11T10:47:20.173+0100,2022-07-11 10:47:20,21.61374628086961,6,,
6323,dc:a6:32:26:67:ab,34.308434,6.192723,80,-59,2022-07-11T10:47:20.173+0100,2022-07-11 10:47:21,21.61374628086961,6,,
6324,dc:a6:32:26:67:ab,34.717953,6.1620126,80,-59,2022-07-11T10:47:22.240+0100,2022-07-11 10:47:22,21.79810220830941,6,,
6325,dc:a6:32:26:67:ab,34.717953,6.1620126,80,-59,2022-07-11T10:47:22.240+0100,2022-07-11 10:47:23,21.79810220830941,6,,
6326,dc:a6:32:26:67:ab,35.27915,10.548647,80,-58,2022-07-11T10:47:24.286+0100,2022-07-11 10:47:24,18.111164722850624,6,,
6327,dc:a6:32:26:67:ab,35.27915,10.548647,80,-58,2022-07-11T10:47:24.286+0100,2022-07-11 10:47:25,18.111164722850624,6,,
6328,dc:a6:32:26:67:ab,31.079596,21.060755,80,-57,2022-07-11T10:47:26.314+0100,2022-07-11 10:47:27,7.088788571582664,6,,
6329,dc:a6:32:26:67:ab,31.079596,21.060755,80,-57,2022-07-11T10:47:26.314+0100,2022-07-11 10:47:28,7.088788571582664,6,,
6330,dc:a6:32:26:67:ab,40.02588,24.928871,80,-57,2022-07-11T10:47:28.320+0100,2022-07-11 10:47:29,13.842036565924865,6,,
6331,dc:a6:32:26:67:ab,34.337498,26.411219,80,-60,2022-07-11T10:47:30.422+0100,2022-07-11 10:47:30,8.092450096619993,6,,
6332,dc:a6:32:26:67:ab,34.337498,26.411219,80,-60,2022-07-11T10:47:30.422+0100,2022-07-11 10:47:31,8.092450096619993,6,,
6333,dc:a6:32:26:67:ab,33.10207,27.058514,80,-56,2022-07-11T10:47:32.435+0100,2022-07-11 10:47:32,6.9032480124167614,6,,
6334,dc:a6:32:26:67:ab,33.10207,27.058514,80,-56,2022-07-11T10:47:32.435+0100,2022-07-11 10:47:34,6.9032480124167614,6,,
6335,dc:a6:32:26:67:ab,21.120346,25.554775,80,-60,2022-07-11T10:47:34.435+0100,2022-07-11 10:47:35,5.172861710011295,6,,
6336,dc:a6:32:26:67:ab,21.120346,25.554775,80,-60,2022-07-11T10:47:34.435+0100,2022-07-11 10:47:36,5.172861710011295,6,,
6337,dc:a6:32:26:67:ab,24.697166,19.436977,88,-60,2022-07-11T10:47:36.592+0100,2022-07-11 10:47:37,6.983818248276871,6,,
6338,dc:a6:32:26:67:ab,22.78104,13.979462,80,-58,2022-07-11T10:47:38.589+0100,2022-07-11 10:47:38,12.747413725966693,6,,
6339,dc:a6:32:26:67:ab,22.78104,13.979462,80,-58,2022-07-11T10:47:38.589+0100,2022-07-11 10:47:39,12.747413725966693,6,,
6340,dc:a6:32:26:67:ab,23.527363,19.47769,80,-57,2022-07-11T10:47:40.686+0100,2022-07-11 10:47:41,7.294838561225944,6,,
6341,dc:a6:32:26:67:ab,23.527363,19.47769,80,-57,2022-07-11T10:47:40.686+0100,2022-07-11 10:47:42,7.294838561225944,6,,
6342,dc:a6:32:26:67:ab,28.645191,22.37619,80,-57,2022-07-11T10:47:42.687+0100,2022-07-11 10:47:43,4.553423505313447,6,,
6343,dc:a6:32:26:67:ab,28.645191,22.37619,80,-57,2022-07-11T10:47:42.687+0100,2022-07-11 10:47:44,4.553423505313447,6,,
6344,dc:a6:32:26:67:ab,39.082024,21.214048,80,-58,2022-07-11T10:47:44.693+0100,2022-07-11 10:47:45,13.786689821418337,6,,
6345,dc:a6:32:26:67:ab,39.082024,21.214048,80,-58,2022-07-11T10:47:44.693+0100,2022-07-11 10:47:46,13.786689821418337,6,,
6346,dc:a6:32:26:67:ab,37.626797,19.598406,80,-57,2022-07-11T10:47:46.725+0100,2022-07-11 10:47:47,13.179765990658751,6,,
6347,dc:a6:32:26:67:ab,30.789558,25.5682,80,-57,2022-07-11T10:47:48.733+0100,2022-07-11 10:47:48,4.593230506369563,6,,
6348,dc:a6:32:26:67:ab,30.789558,25.5682,80,-57,2022-07-11T10:47:48.733+0100,2022-07-11 10:47:50,4.593230506369563,6,,
6349,dc:a6:32:26:67:ab,33.882404,20.382668,80,-57,2022-07-11T10:47:50.772+0100,2022-07-11 10:47:51,9.627604894601774,6,,
6350,dc:a6:32:26:67:ab,27.113388,21.585829,80,-58,2022-07-11T10:47:52.788+0100,2022-07-11 10:47:52,4.740782460322873,6,,
6351,dc:a6:32:26:67:ab,27.113388,21.585829,80,-58,2022-07-11T10:47:52.788+0100,2022-07-11 10:47:53,4.740782460322873,6,,
6352,dc:a6:32:26:67:ab,24.404305,15.195478,80,-59,2022-07-11T10:47:54.818+0100,2022-07-11 10:47:55,11.203769132519154,6,,
6353,dc:a6:32:26:67:ab,24.404305,15.195478,80,-59,2022-07-11T10:47:54.818+0100,2022-07-11 10:47:56,11.203769132519154,6,,
6354,dc:a6:32:26:67:ab,21.235067,11.465445,80,-61,2022-07-11T10:47:56.822+0100,2022-07-11 10:47:57,15.60777871505212,6,,
6355,dc:a6:32:26:67:ab,21.235067,11.465445,80,-61,2022-07-11T10:47:56.822+0100,2022-07-11 10:47:58,15.60777871505212,6,,
6356,dc:a6:32:26:67:ab,28.826828,10.340039,88,-57,2022-07-11T10:47:58.927+0100,2022-07-11 10:47:59,16.114572837262084,6,,
6357,dc:a6:32:26:67:ab,28.826828,10.340039,88,-57,2022-07-11T10:47:58.927+0100,2022-07-11 10:48:00,16.114572837262084,6,,
6358,dc:a6:32:26:67:ab,35.62501,13.752728,80,-61,2022-07-11T10:48:00.994+0100,2022-07-11 10:48:01,15.622168844951206,6,,
6359,dc:a6:32:26:67:ab,35.62501,13.752728,80,-61,2022-07-11T10:48:00.994+0100,2022-07-11 10:48:02,15.622168844951206,6,,
6360,dc:a6:32:26:67:ab,33.82743,15.965511,80,-60,2022-07-11T10:48:03.031+0100,2022-07-11 10:48:03,12.773817855511366,6,,
6361,dc:a6:32:26:67:ab,39.759556,22.688358,80,-60,2022-07-11T10:48:05.048+0100,2022-07-11 10:48:05,13.973499092422774,6,,
6362,dc:a6:32:26:67:ab,39.759556,22.688358,80,-60,2022-07-11T10:48:05.048+0100,2022-07-11 10:48:06,13.973499092422774,6,,
6363,dc:a6:32:26:67:ab,41.48758,25.211111,88,-57,2022-07-11T10:48:07.077+0100,2022-07-11 10:48:07,15.27600404361301,6,,
6364,dc:a6:32:26:67:ab,41.48758,25.211111,88,-57,2022-07-11T10:48:07.077+0100,2022-07-11 10:48:08,15.27600404361301,6,,
6365,dc:a6:32:26:67:ab,41.756702,27.499758,80,-62,2022-07-11T10:48:09.144+0100,2022-07-11 10:48:09,15.56051560423908,6,,
6366,dc:a6:32:26:67:ab,41.756702,27.499758,80,-62,2022-07-11T10:48:09.144+0100,2022-07-11 10:48:10,15.56051560423908,6,,
6367,dc:a6:32:26:67:ab,41.019814,29.626959,80,-58,2022-07-11T10:48:11.172+0100,2022-07-11 10:48:11,15.154877829595224,6,,
6368,dc:a6:32:26:67:ab,41.019814,29.626959,80,-58,2022-07-11T10:48:11.172+0100,2022-07-11 10:48:13,15.154877829595224,6,,
6369,dc:a6:32:26:67:ab,51.027092,32.224064,80,-60,2022-07-11T10:48:13.172+0100,2022-07-11 10:48:14,25.49108624112986,6,,
6370,dc:a6:32:26:67:ab,44.730736,25.449886,80,-59,2022-07-11T10:48:15.175+0100,2022-07-11 10:48:15,18.501183527326354,6,,
6371,dc:a6:32:26:67:ab,44.730736,25.449886,80,-59,2022-07-11T10:48:15.175+0100,2022-07-11 10:48:16,18.501183527326354,6,,
6372,dc:a6:32:26:67:ab,41.076187,33.12961,80,-62,2022-07-11T10:48:17.175+0100,2022-07-11 10:48:17,16.348922479973684,6,,
6373,dc:a6:32:26:67:ab,41.076187,33.12961,80,-62,2022-07-11T10:48:17.175+0100,2022-07-11 10:48:18,16.348922479973684,6,,
6374,dc:a6:32:26:67:ab,37.077843,24.706377,80,-58,2022-07-11T10:48:19.179+0100,2022-07-11 10:48:19,10.94010429560788,6,,
6375,dc:a6:32:26:67:ab,37.077843,24.706377,80,-58,2022-07-11T10:48:19.179+0100,2022-07-11 10:48:20,10.94010429560788,6,,
6376,dc:a6:32:26:67:ab,31.516733,16.661562,80,-58,2022-07-11T10:48:21.177+0100,2022-07-11 10:48:21,10.938386119767989,6,,
6377,dc:a6:32:26:67:ab,31.516733,16.661562,80,-58,2022-07-11T10:48:21.177+0100,2022-07-11 10:48:22,10.938386119767989,6,,
6378,dc:a6:32:26:67:ab,21.160944,16.850136,80,-58,2022-07-11T10:48:23.188+0100,2022-07-11 10:48:24,10.6846108207661,6,,
6379,dc:a6:32:26:67:ab,17.44001,23.985054,88,-56,2022-07-11T10:48:25.200+0100,2022-07-11 10:48:25,9.092484485532871,6,,
6380,dc:a6:32:26:67:ab,17.44001,23.985054,88,-56,2022-07-11T10:48:25.200+0100,2022-07-11 10:48:26,9.092484485532871,6,,
6381,dc:a6:32:26:67:ab,17.81395,25.348068,80,-58,2022-07-11T10:48:27.255+0100,2022-07-11 10:48:27,8.480517984769799,6,,
6382,dc:a6:32:26:67:ab,17.81395,25.348068,80,-58,2022-07-11T10:48:27.255+0100,2022-07-11 10:48:28,8.480517984769799,6,,
6383,dc:a6:32:26:67:ab,13.651013,33.710247,80,-59,2022-07-11T10:48:29.304+0100,2022-07-11 10:48:29,14.640904005886318,6,,
6384,dc:a6:32:26:67:ab,13.651013,33.710247,80,-59,2022-07-11T10:48:29.304+0100,2022-07-11 10:48:31,14.640904005886318,6,,
6385,dc:a6:32:26:67:ab,15.428982,34.747395,80,-59,2022-07-11T10:48:31.340+0100,2022-07-11 10:48:32,13.758086018493596,6,,
6386,dc:a6:32:26:67:ab,15.428982,34.747395,80,-59,2022-07-11T10:48:31.340+0100,2022-07-11 10:48:33,13.758086018493596,6,,
6387,dc:a6:32:26:67:ab,19.628683,26.739742,80,-59,2022-07-11T10:48:33.414+0100,2022-07-11 10:48:34,6.636375850255395,6,,
6388,dc:a6:32:26:67:ab,19.628683,26.739742,80,-59,2022-07-11T10:48:33.414+0100,2022-07-11 10:48:35,6.636375850255395,6,,
6389,dc:a6:32:26:67:ab,20.437057,24.31162,80,-59,2022-07-11T10:48:35.446+0100,2022-07-11 10:48:36,6.12346276085427,6,,
6390,dc:a6:32:26:67:ab,20.437057,24.31162,80,-59,2022-07-11T10:48:35.446+0100,2022-07-11 10:48:37,6.12346276085427,6,,
6391,dc:a6:32:26:67:ab,20.38388,24.420801,80,-58,2022-07-11T10:48:37.454+0100,2022-07-11 10:48:38,6.140592240180174,6,,
6392,dc:a6:32:26:67:ab,24.77464,16.453476,80,-58,2022-07-11T10:48:39.493+0100,2022-07-11 10:48:39,9.903264490557444,6,,
6393,dc:a6:32:26:67:ab,24.77464,16.453476,80,-58,2022-07-11T10:48:39.493+0100,2022-07-11 10:48:40,9.903264490557444,6,,
6394,dc:a6:32:26:67:ab,22.015116,19.982058,80,-57,2022-07-11T10:48:41.489+0100,2022-07-11 10:48:42,7.559924760674542,6,,
6395,dc:a6:32:26:67:ab,22.015116,19.982058,80,-57,2022-07-11T10:48:41.489+0100,2022-07-11 10:48:43,7.559924760674542,6,,
6396,dc:a6:32:26:67:ab,22.029964,20.33758,80,-57,2022-07-11T10:48:43.495+0100,2022-07-11 10:48:44,7.259405395976726,6,,
6397,dc:a6:32:26:67:ab,19.58199,24.814186,80,-54,2022-07-11T10:48:45.530+0100,2022-07-11 10:48:45,6.816947970613827,6,,
6398,dc:a6:32:26:67:ab,19.58199,24.814186,80,-54,2022-07-11T10:48:45.530+0100,2022-07-11 10:48:46,6.816947970613827,6,,
6399,dc:a6:32:26:67:ab,21.143316,20.487888,80,-57,2022-07-11T10:48:47.550+0100,2022-07-11 10:48:47,7.694730560028726,6,,
6400,dc:a6:32:26:67:ab,21.143316,20.487888,80,-57,2022-07-11T10:48:47.550+0100,2022-07-11 10:48:48,7.694730560028726,6,,
6401,dc:a6:32:26:67:ab,16.368921,27.248493,80,-57,2022-07-11T10:48:49.567+0100,2022-07-11 10:48:49,9.92846726478614,6,,
6402,dc:a6:32:26:67:ab,16.368921,27.248493,80,-57,2022-07-11T10:48:49.567+0100,2022-07-11 10:48:51,9.92846726478614,6,,
6403,dc:a6:32:26:67:ab,14.768976,31.658781,80,-57,2022-07-11T10:48:51.585+0100,2022-07-11 10:48:52,12.689720706038294,6,,
6404,dc:a6:32:26:67:ab,14.768976,31.658781,80,-57,2022-07-11T10:48:51.585+0100,2022-07-11 10:48:53,12.689720706038294,6,,
6405,dc:a6:32:26:67:ab,12.00554,37.61058,80,-58,2022-07-11T10:48:53.624+0100,2022-07-11 10:48:54,18.219454489418723,6,,
6406,dc:a6:32:26:67:ab,12.00554,37.61058,80,-58,2022-07-11T10:48:53.624+0100,2022-07-11 10:48:55,18.219454489418723,6,,
6407,dc:a6:32:26:67:ab,14.394801,33.22949,80,-58,2022-07-11T10:48:55.681+0100,2022-07-11 10:48:56,13.755982729542117,6,,
6408,dc:a6:32:26:67:ab,14.394801,33.22949,80,-58,2022-07-11T10:48:55.681+0100,2022-07-11 10:48:57,13.755982729542117,6,,
6409,dc:a6:32:26:67:ab,12.814226,37.59153,80,-56,2022-07-11T10:48:57.727+0100,2022-07-11 10:48:58,17.58228110900676,6,,
6410,dc:a6:32:26:67:ab,12.814226,37.59153,80,-56,2022-07-11T10:48:57.727+0100,2022-07-11 10:48:59,17.58228110900676,6,,
6411,dc:a6:32:26:67:ab,13.60516,36.371628,80,-57,2022-07-11T10:48:59.802+0100,2022-07-11 10:49:00,16.196382350452957,6,,
6412,dc:a6:32:26:67:ab,16.426342,29.931417,80,-58,2022-07-11T10:49:01.802+0100,2022-07-11 10:49:02,10.488890124540964,6,,
6413,dc:a6:32:26:67:ab,16.426342,29.931417,80,-58,2022-07-11T10:49:01.802+0100,2022-07-11 10:49:03,10.488890124540964,6,,
6414,dc:a6:32:26:67:ab,19.236403,23.926159,80,-58,2022-07-11T10:49:03.873+0100,2022-07-11 10:49:04,7.384412488154356,6,,
6415,dc:a6:32:26:67:ab,19.236403,23.926159,80,-58,2022-07-11T10:49:03.873+0100,2022-07-11 10:49:05,7.384412488154356,6,,
6416,dc:a6:32:26:67:ab,22.064255,19.077763,80,-57,2022-07-11T10:49:05.964+0100,2022-07-11 10:49:06,8.299816741595803,6,,
6417,dc:a6:32:26:67:ab,22.064255,19.077763,80,-57,2022-07-11T10:49:05.964+0100,2022-07-11 10:49:07,8.299816741595803,6,,
6418,dc:a6:32:26:67:ab,23.222692,15.971289,80,-61,2022-07-11T10:49:07.987+0100,2022-07-11 10:49:09,10.7111730254228,6,,
6419,dc:a6:32:26:67:ab,24.375593,14.042501,80,-60,2022-07-11T10:49:09.990+0100,2022-07-11 10:49:10,12.346824597850656,6,,
6420,dc:a6:32:26:67:ab,24.375593,14.042501,80,-60,2022-07-11T10:49:09.990+0100,2022-07-11 10:49:11,12.346824597850656,6,,
6421,dc:a6:32:26:67:ab,21.5519,20.491852,80,-58,2022-07-11T10:49:11.995+0100,2022-07-11 10:49:12,7.4269671151704975,6,,
6422,dc:a6:32:26:67:ab,21.5519,20.491852,80,-58,2022-07-11T10:49:11.995+0100,2022-07-11 10:49:13,7.4269671151704975,6,,
6423,dc:a6:32:26:67:ab,18.74168,26.520763,80,-58,2022-07-11T10:49:14.084+0100,2022-07-11 10:49:14,7.510041608902644,6,,
6424,dc:a6:32:26:67:ab,18.74168,26.520763,80,-58,2022-07-11T10:49:14.084+0100,2022-07-11 10:49:15,7.510041608902644,6,,
6425,dc:a6:32:26:67:ab,14.774597,34.46856,80,-58,2022-07-11T10:49:16.097+0100,2022-07-11 10:49:16,14.114115597965354,6,,
6426,dc:a6:32:26:67:ab,14.774597,34.46856,80,-58,2022-07-11T10:49:16.097+0100,2022-07-11 10:49:17,14.114115597965354,6,,
6427,dc:a6:32:26:67:ab,16.0055,32.8046,80,-57,2022-07-11T10:49:18.127+0100,2022-07-11 10:49:18,12.1609365257286,6,,
6428,dc:a6:32:26:67:ab,16.0055,32.8046,80,-57,2022-07-11T10:49:18.127+0100,2022-07-11 10:49:19,12.1609365257286,6,,
6429,dc:a6:32:26:67:ab,14.418052,37.163895,80,-57,2022-07-11T10:49:20.205+0100,2022-07-11 10:49:21,16.096648615002096,6,,
6430,dc:a6:32:26:67:ab,14.418052,37.163895,80,-57,2022-07-11T10:49:20.205+0100,2022-07-11 10:49:22,16.096648615002096,6,,
6431,dc:a6:32:26:67:ab,16.019087,31.939909,80,-57,2022-07-11T10:49:22.234+0100,2022-07-11 10:49:23,11.705420871220737,6,,
6432,dc:a6:32:26:67:ab,22.467466,29.15961,80,-58,2022-07-11T10:49:24.242+0100,2022-07-11 10:49:24,4.771549952438515,6,,
6433,dc:a6:32:26:67:ab,22.467466,29.15961,80,-58,2022-07-11T10:49:24.242+0100,2022-07-11 10:49:25,4.771549952438515,6,,
6434,dc:a6:32:26:67:ab,24.844273,23.172228,80,-57,2022-07-11T10:49:26.290+0100,2022-07-11 10:49:26,3.379254155264589,6,,
6435,dc:a6:32:26:67:ab,24.844273,23.172228,80,-57,2022-07-11T10:49:26.290+0100,2022-07-11 10:49:27,3.379254155264589,6,,
6436,dc:a6:32:26:67:ab,25.647459,23.536697,80,-58,2022-07-11T10:49:28.361+0100,2022-07-11 10:49:28,2.77548885903907,6,,
6437,dc:a6:32:26:67:ab,25.647459,23.536697,80,-58,2022-07-11T10:49:28.361+0100,2022-07-11 10:49:29,2.77548885903907,6,,
6438,dc:a6:32:26:67:ab,28.80013,16.775478,80,-56,2022-07-11T10:49:30.360+0100,2022-07-11 10:49:30,9.809399963844069,6,,
6439,dc:a6:32:26:67:ab,28.80013,16.775478,80,-56,2022-07-11T10:49:30.360+0100,2022-07-11 10:49:32,9.809399963844069,6,,
6440,dc:a6:32:26:67:ab,30.363297,15.549031,80,-57,2022-07-11T10:49:32.405+0100,2022-07-11 10:49:33,11.462406210637017,6,,
6441,dc:a6:32:26:67:ab,30.363297,15.549031,80,-57,2022-07-11T10:49:32.405+0100,2022-07-11 10:49:34,11.462406210637017,6,,
6442,dc:a6:32:26:67:ab,25.188482,15.217357,80,-57,2022-07-11T10:49:34.439+0100,2022-07-11 10:49:35,11.080014253168317,6,,
6443,dc:a6:32:26:67:ab,22.345505,20.057505,80,-57,2022-07-11T10:49:36.506+0100,2022-07-11 10:49:36,7.316137012963194,6,,
6444,dc:a6:32:26:67:ab,22.345505,20.057505,80,-57,2022-07-11T10:49:36.506+0100,2022-07-11 10:49:37,7.316137012963194,6,,
6445,dc:a6:32:26:67:ab,27.224232,24.51652,80,-57,2022-07-11T10:49:38.531+0100,2022-07-11 10:49:38,1.9872397314224577,6,,
6446,dc:a6:32:26:67:ab,27.224232,24.51652,80,-57,2022-07-11T10:49:38.531+0100,2022-07-11 10:49:39,1.9872397314224577,6,,
6447,dc:a6:32:26:67:ab,32.098633,31.302034,80,-58,2022-07-11T10:49:40.554+0100,2022-07-11 10:49:41,7.733116150567311,6,,
6448,dc:a6:32:26:67:ab,32.098633,31.302034,80,-58,2022-07-11T10:49:40.554+0100,2022-07-11 10:49:42,7.733116150567311,6,,
6449,dc:a6:32:26:67:ab,28.04343,34.81827,80,-57,2022-07-11T10:49:42.653+0100,2022-07-11 10:49:43,8.75783284988929,6,,
6450,dc:a6:32:26:67:ab,28.04343,34.81827,80,-57,2022-07-11T10:49:42.653+0100,2022-07-11 10:49:44,8.75783284988929,6,,
6451,dc:a6:32:26:67:ab,33.62987,36.377007,80,-57,2022-07-11T10:49:44.655+0100,2022-07-11 10:49:45,12.535294915751642,6,,
6452,dc:a6:32:26:67:ab,33.62987,36.377007,80,-57,2022-07-11T10:49:44.655+0100,2022-07-11 10:49:46,12.535294915751642,6,,
6453,dc:a6:32:26:67:ab,40.772133,34.351086,80,-57,2022-07-11T10:49:46.687+0100,2022-07-11 10:49:47,16.63335116813581,6,,
6454,dc:a6:32:26:67:ab,40.439728,34.796436,80,-59,2022-07-11T10:49:48.702+0100,2022-07-11 10:49:48,16.569222062870665,6,,
6455,dc:a6:32:26:67:ab,40.439728,34.796436,80,-59,2022-07-11T10:49:48.702+0100,2022-07-11 10:49:49,16.569222062870665,6,,
6456,dc:a6:32:26:67:ab,32.02592,33.633995,80,-59,2022-07-11T10:49:50.752+0100,2022-07-11 10:49:51,9.37928486429669,6,,
6457,dc:a6:32:26:67:ab,32.02592,33.633995,80,-59,2022-07-11T10:49:50.752+0100,2022-07-11 10:49:52,9.37928486429669,6,,
6458,dc:a6:32:26:67:ab,33.884995,33.19657,80,-57,2022-07-11T10:49:52.801+0100,2022-07-11 10:49:53,10.326841724270064,6,,
6459,dc:a6:32:26:67:ab,33.884995,33.19657,80,-57,2022-07-11T10:49:52.801+0100,2022-07-11 10:49:54,10.326841724270064,6,,
6460,dc:a6:32:26:67:ab,30.308868,28.344172,80,-57,2022-07-11T10:49:54.853+0100,2022-07-11 10:49:55,4.571690197969238,6,,
6461,dc:a6:32:26:67:ab,30.308868,28.344172,80,-57,2022-07-11T10:49:54.853+0100,2022-07-11 10:49:56,4.571690197969238,6,,
6462,dc:a6:32:26:67:ab,23.932873,30.743177,80,-57,2022-07-11T10:49:56.864+0100,2022-07-11 10:49:57,5.056877840353471,6,,
6463,dc:a6:32:26:67:ab,23.932873,30.743177,80,-57,2022-07-11T10:49:56.864+0100,2022-07-11 10:49:58,5.056877840353471,6,,
6464,dc:a6:32:26:67:ab,16.402927,30.425047,80,-59,2022-07-11T10:49:58.886+0100,2022-07-11 10:50:00,10.69386165731435,6,,
6465,dc:a6:32:26:67:ab,19.59574,25.21016,80,-57,2022-07-11T10:50:00.893+0100,2022-07-11 10:50:01,6.731269686619309,6,,
6466,dc:a6:32:26:67:ab,19.59574,25.21016,80,-57,2022-07-11T10:50:00.893+0100,2022-07-11 10:50:02,6.731269686619309,6,,
6467,dc:a6:32:26:67:ab,17.163858,29.65312,80,-57,2022-07-11T10:50:03.005+0100,2022-07-11 10:50:03,9.700615602684396,6,,
6468,dc:a6:32:26:67:ab,17.163858,29.65312,80,-57,2022-07-11T10:50:03.005+0100,2022-07-11 10:50:04,9.700615602684396,6,,
6469,dc:a6:32:26:67:ab,15.60512,28.331997,80,-57,2022-07-11T10:50:05.007+0100,2022-07-11 10:50:05,10.843985924314408,6,,
6470,dc:a6:32:26:67:ab,15.60512,28.331997,80,-57,2022-07-11T10:50:05.007+0100,2022-07-11 10:50:06,10.843985924314408,6,,
6471,dc:a6:32:26:67:ab,14.78972,27.969671,80,-58,2022-07-11T10:50:07.036+0100,2022-07-11 10:50:07,11.585827944018543,6,,
6472,dc:a6:32:26:67:ab,14.78972,27.969671,80,-58,2022-07-11T10:50:07.036+0100,2022-07-11 10:50:08,11.585827944018543,6,,
6473,dc:a6:32:26:67:ab,23.26103,26.84876,80,-57,2022-07-11T10:50:09.041+0100,2022-07-11 10:50:09,3.0457834686168987,6,,
6474,dc:a6:32:26:67:ab,23.26103,26.84876,80,-57,2022-07-11T10:50:09.041+0100,2022-07-11 10:50:11,3.0457834686168987,6,,
6475,dc:a6:32:26:67:ab,16.424887,27.559792,80,-57,2022-07-11T10:50:11.154+0100,2022-07-11 10:50:12,9.909215991039504,6,,
6476,dc:a6:32:26:67:ab,19.112408,16.96184,88,-58,2022-07-11T10:50:13.151+0100,2022-07-11 10:50:13,11.70928709733193,6,,
6477,dc:a6:32:26:67:ab,19.112408,16.96184,88,-58,2022-07-11T10:50:13.151+0100,2022-07-11 10:50:14,11.70928709733193,6,,
6478,dc:a6:32:26:67:ab,25.88422,21.6382,88,-58,2022-07-11T10:50:15.190+0100,2022-07-11 10:50:15,4.622754897287979,6,,
6479,dc:a6:32:26:67:ab,25.88422,21.6382,88,-58,2022-07-11T10:50:15.190+0100,2022-07-11 10:50:16,4.622754897287979,6,,
6480,dc:a6:32:26:67:ab,29.213902,13.383634,88,-62,2022-07-11T10:50:17.192+0100,2022-07-11 10:50:17,13.200876882408986,6,,
6481,dc:a6:32:26:67:ab,29.213902,13.383634,88,-62,2022-07-11T10:50:17.192+0100,2022-07-11 10:50:19,13.200876882408986,6,,
6482,dc:a6:32:26:67:ab,29.389486,13.533957,80,-57,2022-07-11T10:50:19.257+0100,2022-07-11 10:50:20,13.09546949234448,6,,
6483,dc:a6:32:26:67:ab,33.395706,18.755556,80,-58,2022-07-11T10:50:21.285+0100,2022-07-11 10:50:21,10.35497652836992,6,,
6484,dc:a6:32:26:67:ab,33.395706,18.755556,80,-58,2022-07-11T10:50:21.285+0100,2022-07-11 10:50:22,10.35497652836992,6,,
6485,dc:a6:32:26:67:ab,30.345722,27.67912,80,-62,2022-07-11T10:50:23.294+0100,2022-07-11 10:50:23,4.342071758504688,6,,
6486,dc:a6:32:26:67:ab,30.345722,27.67912,80,-62,2022-07-11T10:50:23.294+0100,2022-07-11 10:50:25,4.342071758504688,6,,
6487,dc:a6:32:26:67:ab,21.384579,29.40263,80,-58,2022-07-11T10:50:25.327+0100,2022-07-11 10:50:26,5.796566486462568,6,,
6488,dc:a6:32:26:67:ab,20.303125,33.978085,80,-58,2022-07-11T10:50:27.406+0100,2022-07-11 10:50:27,9.7519396166737,6,,
6489,dc:a6:32:26:67:ab,20.303125,33.978085,80,-58,2022-07-11T10:50:27.406+0100,2022-07-11 10:50:28,9.7519396166737,6,,
6490,dc:a6:32:26:67:ab,17.677788,35.60249,80,-60,2022-07-11T10:50:29.440+0100,2022-07-11 10:50:29,12.686884090016903,6,,
6491,dc:a6:32:26:67:ab,17.677788,35.60249,80,-60,2022-07-11T10:50:29.440+0100,2022-07-11 10:50:30,12.686884090016903,6,,
6492,dc:a6:32:26:67:ab,23.711918,37.228275,80,-60,2022-07-11T10:50:31.443+0100,2022-07-11 10:50:31,11.27030484934764,6,,
6493,dc:a6:32:26:67:ab,23.711918,37.228275,80,-60,2022-07-11T10:50:31.443+0100,2022-07-11 10:50:32,11.27030484934764,6,,
6494,dc:a6:32:26:67:ab,33.34441,37.629707,80,-56,2022-07-11T10:50:33.489+0100,2022-07-11 10:50:34,13.414529301405588,6,,
6495,dc:a6:32:26:67:ab,33.34441,37.629707,80,-56,2022-07-11T10:50:33.489+0100,2022-07-11 10:50:35,13.414529301405588,6,,
6496,dc:a6:32:26:67:ab,41.502666,35.77064,88,-56,2022-07-11T10:50:35.559+0100,2022-07-11 10:50:37,17.984686278089924,6,,
6497,dc:a6:32:26:67:ab,47.309875,37.401592,80,-56,2022-07-11T10:50:37.589+0100,2022-07-11 10:50:38,23.834589736146267,6,,
6498,dc:a6:32:26:67:ab,47.309875,37.401592,80,-56,2022-07-11T10:50:37.589+0100,2022-07-11 10:50:39,23.834589736146267,6,,
6499,dc:a6:32:26:67:ab,51.086967,36.166584,80,-58,2022-07-11T10:50:39.607+0100,2022-07-11 10:50:40,26.74773958299103,6,,
6500,dc:a6:32:26:67:ab,53.994,34.43854,88,-57,2022-07-11T10:50:41.641+0100,2022-07-11 10:50:41,28.93125407428444,6,,
6501,dc:a6:32:26:67:ab,53.994,34.43854,88,-57,2022-07-11T10:50:41.641+0100,2022-07-11 10:50:42,28.93125407428444,6,,
6502,dc:a6:32:26:67:ab,48.649273,26.406025,80,-57,2022-07-11T10:50:43.647+0100,2022-07-11 10:50:44,22.40311940335172,6,,
6503,dc:a6:32:26:67:ab,48.649273,26.406025,80,-57,2022-07-11T10:50:43.647+0100,2022-07-11 10:50:45,22.40311940335172,6,,
6504,dc:a6:32:26:67:ab,44.690517,21.577675,80,-58,2022-07-11T10:50:45.663+0100,2022-07-11 10:50:46,19.02560456304172,6,,
6505,dc:a6:32:26:67:ab,44.690517,21.577675,80,-58,2022-07-11T10:50:45.663+0100,2022-07-11 10:50:47,19.02560456304172,6,,
6506,dc:a6:32:26:67:ab,37.043766,22.06821,80,-56,2022-07-11T10:50:47.664+0100,2022-07-11 10:50:48,11.577398159613235,6,,
6507,dc:a6:32:26:67:ab,37.043766,22.06821,80,-56,2022-07-11T10:50:47.664+0100,2022-07-11 10:50:49,11.577398159613235,6,,
6508,dc:a6:32:26:67:ab,28.66496,11.56316,80,-62,2022-07-11T10:50:49.791+0100,2022-07-11 10:50:50,14.881358102377618,6,,
6509,dc:a6:32:26:67:ab,29.612276,14.07101,80,-58,2022-07-11T10:50:51.792+0100,2022-07-11 10:50:51,12.632295167278036,6,,
6510,dc:a6:32:26:67:ab,29.612276,14.07101,80,-58,2022-07-11T10:50:51.792+0100,2022-07-11 10:50:52,12.632295167278036,6,,
6511,dc:a6:32:26:67:ab,26.419348,18.869305,80,-58,2022-07-11T10:50:53.830+0100,2022-07-11 10:50:54,7.379434430131417,6,,
6512,dc:a6:32:26:67:ab,26.419348,18.869305,80,-58,2022-07-11T10:50:53.830+0100,2022-07-11 10:50:55,7.379434430131417,6,,
6513,dc:a6:32:26:67:ab,27.67342,19.17441,80,-61,2022-07-11T10:50:55.861+0100,2022-07-11 10:50:56,7.214779388595328,6,,
6514,dc:a6:32:26:67:ab,27.67342,19.17441,80,-61,2022-07-11T10:50:55.861+0100,2022-07-11 10:50:57,7.214779388595328,6,,
6515,dc:a6:32:26:67:ab,33.639652,16.032959,80,-61,2022-07-11T10:50:57.863+0100,2022-07-11 10:50:58,12.608582684891468,6,,
6516,dc:a6:32:26:67:ab,33.639652,16.032959,80,-61,2022-07-11T10:50:57.863+0100,2022-07-11 10:50:59,12.608582684891468,6,,
6517,dc:a6:32:26:67:ab,39.208904,19.907074,80,-57,2022-07-11T10:50:59.904+0100,2022-07-11 10:51:00,14.429460331390494,6,,
6518,dc:a6:32:26:67:ab,39.208904,19.907074,80,-57,2022-07-11T10:50:59.904+0100,2022-07-11 10:51:01,14.429460331390494,6,,
6519,dc:a6:32:26:67:ab,30.396095,17.203485,80,-58,2022-07-11T10:51:01.937+0100,2022-07-11 10:51:02,9.949744326154818,6,,
6520,dc:a6:32:26:67:ab,36.774555,20.904688,80,-58,2022-07-11T10:51:03.968+0100,2022-07-11 10:51:03,11.8056179709598,6,,
6521,dc:a6:32:26:67:ab,36.774555,20.904688,80,-58,2022-07-11T10:51:03.968+0100,2022-07-11 10:51:04,11.8056179709598,6,,
6522,dc:a6:32:26:67:ab,29.524647,21.625542,80,-57,2022-07-11T10:51:06.064+0100,2022-07-11 10:51:06,5.665694266814351,6,,
6523,dc:a6:32:26:67:ab,29.524647,21.625542,80,-57,2022-07-11T10:51:06.064+0100,2022-07-11 10:51:07,5.665694266814351,6,,
6524,dc:a6:32:26:67:ab,22.696224,27.267822,80,-58,2022-07-11T10:51:08.076+0100,2022-07-11 10:51:08,3.69441079746419,6,,
6525,dc:a6:32:26:67:ab,22.696224,27.267822,80,-58,2022-07-11T10:51:08.076+0100,2022-07-11 10:51:09,3.69441079746419,6,,
6526,dc:a6:32:26:67:ab,19.188847,26.759676,80,-58,2022-07-11T10:51:10.084+0100,2022-07-11 10:51:10,7.07648889931052,6,,
6527,dc:a6:32:26:67:ab,19.188847,26.759676,80,-58,2022-07-11T10:51:10.084+0100,2022-07-11 10:51:12,7.07648889931052,6,,
6528,dc:a6:32:26:67:ab,18.721138,30.796234,80,-58,2022-07-11T10:51:12.133+0100,2022-07-11 10:51:13,8.793887767928357,6,,
6529,dc:a6:32:26:67:ab,18.904484,30.88981,80,-57,2022-07-11T10:51:14.197+0100,2022-07-11 10:51:14,8.687158006379072,6,,
6530,dc:a6:32:26:67:ab,18.904484,30.88981,80,-57,2022-07-11T10:51:14.197+0100,2022-07-11 10:51:15,8.687158006379072,6,,
6531,dc:a6:32:26:67:ab,21.665535,34.39723,80,-59,2022-07-11T10:51:16.256+0100,2022-07-11 10:51:16,9.349763059261182,6,,
6532,dc:a6:32:26:67:ab,21.665535,34.39723,80,-59,2022-07-11T10:51:16.256+0100,2022-07-11 10:51:17,9.349763059261182,6,,
6533,dc:a6:32:26:67:ab,32.080513,32.45368,80,-61,2022-07-11T10:51:18.351+0100,2022-07-11 10:51:18,8.51818602804899,6,,
6534,dc:a6:32:26:67:ab,32.080513,32.45368,80,-61,2022-07-11T10:51:18.351+0100,2022-07-11 10:51:19,8.51818602804899,6,,
6535,dc:a6:32:26:67:ab,27.129099,34.93836,88,-57,2022-07-11T10:51:20.358+0100,2022-07-11 10:51:20,8.7363149318944,6,,
6536,dc:a6:32:26:67:ab,27.129099,34.93836,88,-57,2022-07-11T10:51:20.358+0100,2022-07-11 10:51:21,8.7363149318944,6,,
6537,dc:a6:32:26:67:ab,36.75329,33.735405,80,-60,2022-07-11T10:51:22.389+0100,2022-07-11 10:51:22,12.902263994901244,6,,
6538,dc:a6:32:26:67:ab,36.75329,33.735405,80,-60,2022-07-11T10:51:22.389+0100,2022-07-11 10:51:24,12.902263994901244,6,,
6539,dc:a6:32:26:67:ab,27.500597,32.53286,80,-60,2022-07-11T10:51:24.390+0100,2022-07-11 10:51:25,6.409973762093648,6,,
6540,dc:a6:32:26:67:ab,27.500597,32.53286,80,-60,2022-07-11T10:51:24.390+0100,2022-07-11 10:51:26,6.409973762093648,6,,
6541,dc:a6:32:26:67:ab,35.070065,34.618668,80,-60,2022-07-11T10:51:26.473+0100,2022-07-11 10:51:27,12.163097068745648,6,,
6542,dc:a6:32:26:67:ab,35.070065,34.618668,80,-60,2022-07-11T10:51:26.473+0100,2022-07-11 10:51:28,12.163097068745648,6,,
6543,dc:a6:32:26:67:ab,32.684242,33.792465,80,-57,2022-07-11T10:51:28.486+0100,2022-07-11 10:51:29,9.918667103270932,6,,
6544,dc:a6:32:26:67:ab,32.684242,33.792465,80,-57,2022-07-11T10:51:28.486+0100,2022-07-11 10:51:30,9.918667103270932,6,,
6545,dc:a6:32:26:67:ab,33.15116,35.561405,80,-61,2022-07-11T10:51:30.497+0100,2022-07-11 10:51:31,11.594595653269888,6,,
6546,dc:a6:32:26:67:ab,24.758139,34.38251,80,-58,2022-07-11T10:51:32.538+0100,2022-07-11 10:51:32,8.270849552353196,6,,
6547,dc:a6:32:26:67:ab,24.758139,34.38251,80,-58,2022-07-11T10:51:32.538+0100,2022-07-11 10:51:33,8.270849552353196,6,,
6548,dc:a6:32:26:67:ab,34.33766,34.00142,80,-58,2022-07-11T10:51:34.612+0100,2022-07-11 10:51:34,11.207081786691845,6,,
6549,dc:a6:32:26:67:ab,34.33766,34.00142,80,-58,2022-07-11T10:51:34.612+0100,2022-07-11 10:51:35,11.207081786691845,6,,
6550,dc:a6:32:26:67:ab,27.596952,27.544865,80,-59,2022-07-11T10:51:36.639+0100,2022-07-11 10:51:36,1.8730474886796145,6,,
6551,dc:a6:32:26:67:ab,27.596952,27.544865,80,-59,2022-07-11T10:51:36.639+0100,2022-07-11 10:51:38,1.8730474886796145,6,,
6552,dc:a6:32:26:67:ab,22.447855,23.524446,80,-59,2022-07-11T10:51:38.643+0100,2022-07-11 10:51:39,4.673558710372749,6,,
6553,dc:a6:32:26:67:ab,22.447855,23.524446,80,-59,2022-07-11T10:51:38.643+0100,2022-07-11 10:51:40,4.673558710372749,6,,
6554,dc:a6:32:26:67:ab,27.615026,18.288244,80,-58,2022-07-11T10:51:40.696+0100,2022-07-11 10:51:41,8.07524622238926,6,,
6555,dc:a6:32:26:67:ab,27.615026,18.288244,80,-58,2022-07-11T10:51:40.696+0100,2022-07-11 10:51:42,8.07524622238926,6,,
6556,dc:a6:32:26:67:ab,27.915121,12.723846,80,-57,2022-07-11T10:51:42.758+0100,2022-07-11 10:51:43,13.6254057964039,6,,
6557,dc:a6:32:26:67:ab,24.020462,5.5847383,80,-57,2022-07-11T10:51:44.763+0100,2022-07-11 10:51:45,20.78157146256507,6,,
6558,dc:a6:32:26:67:ab,24.020462,5.5847383,80,-57,2022-07-11T10:51:44.763+0100,2022-07-11 10:51:46,20.78157146256507,6,,
6559,dc:a6:32:26:67:ab,24.002869,14.871771,80,-56,2022-07-11T10:51:46.810+0100,2022-07-11 10:51:47,11.594150769366507,6,,
6560,dc:a6:32:26:67:ab,24.002869,14.871771,80,-56,2022-07-11T10:51:46.810+0100,2022-07-11 10:51:48,11.594150769366507,6,,
6561,dc:a6:32:26:67:ab,22.89129,13.970257,88,-59,2022-07-11T10:51:48.850+0100,2022-07-11 10:51:49,12.72676134274816,6,,
6562,dc:a6:32:26:67:ab,22.89129,13.970257,88,-59,2022-07-11T10:51:48.850+0100,2022-07-11 10:51:50,12.72676134274816,6,,
6563,dc:a6:32:26:67:ab,20.401865,14.311352,80,-61,2022-07-11T10:51:50.849+0100,2022-07-11 10:51:51,13.28967039720884,6,,
6564,dc:a6:32:26:67:ab,20.401865,14.311352,80,-61,2022-07-11T10:51:50.849+0100,2022-07-11 10:51:52,13.28967039720884,6,,
6565,dc:a6:32:26:67:ab,27.153013,23.617105,80,-58,2022-07-11T10:51:52.928+0100,2022-07-11 10:51:53,2.7814100830467283,6,,
