,macAddress,locationCoordinate_x,locationCoordinate_y,confidenceFactor,maxDetectedRssi,CMX_lastSeen,Real_Time,RMSE,Test_point
5494,f4:02:28:5a:28:63,63.774025,31.031845,64,-71,2022-07-11T10:29:34.970+0100,2022-07-11 10:31:54,37.831151738067,6
5495,f4:02:28:5a:28:63,63.774025,31.031845,64,-71,2022-07-11T10:29:34.970+0100,2022-07-11 10:31:55,37.831151738067,6
5496,f4:02:28:5a:28:63,63.774025,31.031845,64,-71,2022-07-11T10:29:34.970+0100,2022-07-11 10:31:56,37.831151738067,6
5497,f4:02:28:5a:28:63,63.774025,31.031845,64,-71,2022-07-11T10:29:34.970+0100,2022-07-11 10:31:57,37.831151738067,6
5498,f4:02:28:5a:28:63,63.774025,31.031845,64,-71,2022-07-11T10:29:34.970+0100,2022-07-11 10:31:58,37.831151738067,6
5499,f4:02:28:5a:28:63,63.774025,31.031845,64,-71,2022-07-11T10:29:34.970+0100,2022-07-11 10:31:59,37.831151738067,6
5500,f4:02:28:5a:28:63,63.774025,31.031845,64,-71,2022-07-11T10:29:34.970+0100,2022-07-11 10:32:00,37.831151738067,6
5501,f4:02:28:5a:28:63,63.774025,31.031845,64,-71,2022-07-11T10:29:34.970+0100,2022-07-11 10:32:01,37.831151738067,6
5502,f4:02:28:5a:28:63,63.774025,31.031845,64,-71,2022-07-11T10:29:34.970+0100,2022-07-11 10:32:02,37.831151738067,6
5503,f4:02:28:5a:28:63,63.774025,31.031845,64,-71,2022-07-11T10:29:34.970+0100,2022-07-11 10:32:04,37.831151738067,6
5504,f4:02:28:5a:28:63,63.774025,31.031845,64,-71,2022-07-11T10:29:34.970+0100,2022-07-11 10:32:05,37.831151738067,6
5505,f4:02:28:5a:28:63,63.774025,31.031845,64,-71,2022-07-11T10:29:34.970+0100,2022-07-11 10:32:06,37.831151738067,6
5506,f4:02:28:5a:28:63,63.774025,31.031845,64,-71,2022-07-11T10:29:34.970+0100,2022-07-11 10:32:07,37.831151738067,6
5507,f4:02:28:5a:28:63,63.774025,31.031845,64,-71,2022-07-11T10:29:34.970+0100,2022-07-11 10:32:08,37.831151738067,6
5508,f4:02:28:5a:28:63,63.774025,31.031845,64,-71,2022-07-11T10:29:34.970+0100,2022-07-11 10:32:09,37.831151738067,6
5509,f4:02:28:5a:28:63,63.774025,31.031845,64,-71,2022-07-11T10:29:34.970+0100,2022-07-11 10:32:10,37.831151738067,6
5510,f4:02:28:5a:28:63,63.774025,31.031845,64,-71,2022-07-11T10:29:34.970+0100,2022-07-11 10:32:11,37.831151738067,6
5511,f4:02:28:5a:28:63,63.774025,31.031845,64,-71,2022-07-11T10:29:34.970+0100,2022-07-11 10:32:12,37.831151738067,6
5512,f4:02:28:5a:28:63,63.774025,31.031845,64,-71,2022-07-11T10:29:34.970+0100,2022-07-11 10:32:14,37.831151738067,6
5513,f4:02:28:5a:28:63,63.774025,31.031845,64,-71,2022-07-11T10:29:34.970+0100,2022-07-11 10:32:15,37.831151738067,6
5514,f4:02:28:5a:28:63,63.774025,31.031845,64,-71,2022-07-11T10:29:34.970+0100,2022-07-11 10:32:16,37.831151738067,6
5515,f4:02:28:5a:28:63,63.774025,31.031845,64,-71,2022-07-11T10:29:34.970+0100,2022-07-11 10:32:17,37.831151738067,6
5516,f4:02:28:5a:28:63,63.774025,31.031845,64,-71,2022-07-11T10:29:34.970+0100,2022-07-11 10:32:18,37.831151738067,6
5517,f4:02:28:5a:28:63,63.774025,31.031845,64,-71,2022-07-11T10:29:34.970+0100,2022-07-11 10:32:19,37.831151738067,6
5518,f4:02:28:5a:28:63,63.774025,31.031845,64,-71,2022-07-11T10:29:34.970+0100,2022-07-11 10:32:20,37.831151738067,6
5519,f4:02:28:5a:28:63,63.774025,31.031845,64,-71,2022-07-11T10:29:34.970+0100,2022-07-11 10:32:21,37.831151738067,6
5520,f4:02:28:5a:28:63,63.774025,31.031845,64,-71,2022-07-11T10:29:34.970+0100,2022-07-11 10:32:22,37.831151738067,6
5521,f4:02:28:5a:28:63,63.774025,31.031845,64,-71,2022-07-11T10:29:34.970+0100,2022-07-11 10:32:23,37.831151738067,6
5522,f4:02:28:5a:28:63,63.774025,31.031845,64,-71,2022-07-11T10:29:34.970+0100,2022-07-11 10:32:25,37.831151738067,6
5523,f4:02:28:5a:28:63,63.774025,31.031845,64,-71,2022-07-11T10:29:34.970+0100,2022-07-11 10:32:26,37.831151738067,6
5524,f4:02:28:5a:28:63,63.774025,31.031845,64,-71,2022-07-11T10:29:34.970+0100,2022-07-11 10:32:27,37.831151738067,6
5525,f4:02:28:5a:28:63,63.774025,31.031845,64,-71,2022-07-11T10:29:34.970+0100,2022-07-11 10:32:28,37.831151738067,6
5526,f4:02:28:5a:28:63,63.774025,31.031845,64,-71,2022-07-11T10:29:34.970+0100,2022-07-11 10:32:29,37.831151738067,6
5527,f4:02:28:5a:28:63,63.774025,31.031845,64,-71,2022-07-11T10:29:34.970+0100,2022-07-11 10:32:30,37.831151738067,6
5528,f4:02:28:5a:28:63,63.774025,31.031845,64,-71,2022-07-11T10:29:34.970+0100,2022-07-11 10:32:31,37.831151738067,6
5529,f4:02:28:5a:28:63,63.774025,31.031845,64,-71,2022-07-11T10:29:34.970+0100,2022-07-11 10:32:32,37.831151738067,6
5530,f4:02:28:5a:28:63,63.774025,31.031845,64,-71,2022-07-11T10:29:34.970+0100,2022-07-11 10:32:33,37.831151738067,6
5531,f4:02:28:5a:28:63,63.774025,31.031845,64,-71,2022-07-11T10:29:34.970+0100,2022-07-11 10:32:34,37.831151738067,6
5532,f4:02:28:5a:28:63,63.774025,31.031845,64,-71,2022-07-11T10:29:34.970+0100,2022-07-11 10:32:36,37.831151738067,6
5533,f4:02:28:5a:28:63,63.774025,31.031845,64,-71,2022-07-11T10:29:34.970+0100,2022-07-11 10:32:37,37.831151738067,6
5534,f4:02:28:5a:28:63,63.774025,31.031845,64,-71,2022-07-11T10:29:34.970+0100,2022-07-11 10:32:38,37.831151738067,6
5535,f4:02:28:5a:28:63,63.774025,31.031845,64,-71,2022-07-11T10:29:34.970+0100,2022-07-11 10:32:39,37.831151738067,6
5536,f4:02:28:5a:28:63,63.774025,31.031845,64,-71,2022-07-11T10:29:34.970+0100,2022-07-11 10:32:40,37.831151738067,6
5537,f4:02:28:5a:28:63,63.774025,31.031845,64,-71,2022-07-11T10:29:34.970+0100,2022-07-11 10:32:41,37.831151738067,6
5538,f4:02:28:5a:28:63,63.774025,31.031845,64,-71,2022-07-11T10:29:34.970+0100,2022-07-11 10:32:42,37.831151738067,6
5539,f4:02:28:5a:28:63,63.774025,31.031845,64,-71,2022-07-11T10:29:34.970+0100,2022-07-11 10:32:43,37.831151738067,6
5540,f4:02:28:5a:28:63,63.774025,31.031845,64,-71,2022-07-11T10:29:34.970+0100,2022-07-11 10:32:44,37.831151738067,6
5541,f4:02:28:5a:28:63,63.774025,31.031845,64,-71,2022-07-11T10:29:34.970+0100,2022-07-11 10:32:46,37.831151738067,6
5542,f4:02:28:5a:28:63,63.774025,31.031845,64,-71,2022-07-11T10:29:34.970+0100,2022-07-11 10:32:47,37.831151738067,6
5543,f4:02:28:5a:28:63,63.774025,31.031845,64,-71,2022-07-11T10:29:34.970+0100,2022-07-11 10:32:48,37.831151738067,6
5544,f4:02:28:5a:28:63,63.774025,31.031845,64,-71,2022-07-11T10:29:34.970+0100,2022-07-11 10:32:49,37.831151738067,6
5545,f4:02:28:5a:28:63,63.774025,31.031845,64,-71,2022-07-11T10:29:34.970+0100,2022-07-11 10:32:50,37.831151738067,6
5546,f4:02:28:5a:28:63,63.774025,31.031845,64,-71,2022-07-11T10:29:34.970+0100,2022-07-11 10:32:51,37.831151738067,6
5547,f4:02:28:5a:28:63,63.774025,31.031845,64,-71,2022-07-11T10:29:34.970+0100,2022-07-11 10:32:52,37.831151738067,6
5548,f4:02:28:5a:28:63,63.774025,31.031845,64,-71,2022-07-11T10:29:34.970+0100,2022-07-11 10:32:53,37.831151738067,6
5549,f4:02:28:5a:28:63,63.774025,31.031845,64,-71,2022-07-11T10:29:34.970+0100,2022-07-11 10:32:54,37.831151738067,6
5550,f4:02:28:5a:28:63,63.774025,31.031845,64,-71,2022-07-11T10:29:34.970+0100,2022-07-11 10:32:55,37.831151738067,6
5551,f4:02:28:5a:28:63,63.774025,31.031845,64,-71,2022-07-11T10:29:34.970+0100,2022-07-11 10:32:57,37.831151738067,6
5552,f4:02:28:5a:28:63,63.774025,31.031845,64,-71,2022-07-11T10:29:34.970+0100,2022-07-11 10:32:58,37.831151738067,6
5553,f4:02:28:5a:28:63,63.774025,31.031845,64,-71,2022-07-11T10:29:34.970+0100,2022-07-11 10:32:59,37.831151738067,6
5554,f4:02:28:5a:28:63,63.774025,31.031845,64,-71,2022-07-11T10:29:34.970+0100,2022-07-11 10:33:00,37.831151738067,6
5555,f4:02:28:5a:28:63,63.774025,31.031845,64,-71,2022-07-11T10:29:34.970+0100,2022-07-11 10:33:01,37.831151738067,6
5556,f4:02:28:5a:28:63,63.774025,31.031845,64,-71,2022-07-11T10:29:34.970+0100,2022-07-11 10:33:02,37.831151738067,6
5557,f4:02:28:5a:28:63,63.774025,31.031845,64,-71,2022-07-11T10:29:34.970+0100,2022-07-11 10:33:03,37.831151738067,6
5558,f4:02:28:5a:28:63,63.774025,31.031845,64,-71,2022-07-11T10:29:34.970+0100,2022-07-11 10:33:04,37.831151738067,6
5559,f4:02:28:5a:28:63,63.774025,31.031845,64,-71,2022-07-11T10:29:34.970+0100,2022-07-11 10:33:05,37.831151738067,6
5560,f4:02:28:5a:28:63,63.774025,31.031845,64,-71,2022-07-11T10:29:34.970+0100,2022-07-11 10:33:06,37.831151738067,6
5561,f4:02:28:5a:28:63,63.774025,31.031845,64,-71,2022-07-11T10:29:34.970+0100,2022-07-11 10:33:08,37.831151738067,6
5562,f4:02:28:5a:28:63,63.774025,31.031845,64,-71,2022-07-11T10:29:34.970+0100,2022-07-11 10:33:09,37.831151738067,6
5563,f4:02:28:5a:28:63,63.774025,31.031845,64,-71,2022-07-11T10:29:34.970+0100,2022-07-11 10:33:10,37.831151738067,6
5564,f4:02:28:5a:28:63,63.774025,31.031845,64,-71,2022-07-11T10:29:34.970+0100,2022-07-11 10:33:11,37.831151738067,6
5565,f4:02:28:5a:28:63,63.774025,31.031845,64,-71,2022-07-11T10:29:34.970+0100,2022-07-11 10:33:12,37.831151738067,6
5566,f4:02:28:5a:28:63,63.774025,31.031845,64,-71,2022-07-11T10:29:34.970+0100,2022-07-11 10:33:13,37.831151738067,6
5567,f4:02:28:5a:28:63,63.774025,31.031845,64,-71,2022-07-11T10:29:34.970+0100,2022-07-11 10:33:14,37.831151738067,6
5568,f4:02:28:5a:28:63,63.774025,31.031845,64,-71,2022-07-11T10:29:34.970+0100,2022-07-11 10:33:15,37.831151738067,6
5569,f4:02:28:5a:28:63,63.774025,31.031845,64,-71,2022-07-11T10:29:34.970+0100,2022-07-11 10:33:16,37.831151738067,6
5570,f4:02:28:5a:28:63,63.774025,31.031845,64,-71,2022-07-11T10:29:34.970+0100,2022-07-11 10:33:17,37.831151738067,6
5571,f4:02:28:5a:28:63,63.774025,31.031845,64,-71,2022-07-11T10:29:34.970+0100,2022-07-11 10:33:19,37.831151738067,6
5572,f4:02:28:5a:28:63,63.774025,31.031845,64,-71,2022-07-11T10:29:34.970+0100,2022-07-11 10:33:20,37.831151738067,6
5573,f4:02:28:5a:28:63,63.774025,31.031845,64,-71,2022-07-11T10:29:34.970+0100,2022-07-11 10:33:21,37.831151738067,6
5574,f4:02:28:5a:28:63,63.774025,31.031845,64,-71,2022-07-11T10:29:34.970+0100,2022-07-11 10:33:22,37.831151738067,6
5575,f4:02:28:5a:28:63,63.774025,31.031845,64,-71,2022-07-11T10:29:34.970+0100,2022-07-11 10:33:23,37.831151738067,6
5576,f4:02:28:5a:28:63,63.774025,31.031845,64,-71,2022-07-11T10:29:34.970+0100,2022-07-11 10:33:24,37.831151738067,6
5577,f4:02:28:5a:28:63,63.774025,31.031845,64,-71,2022-07-11T10:29:34.970+0100,2022-07-11 10:33:25,37.831151738067,6
5578,f4:02:28:5a:28:63,63.774025,31.031845,64,-71,2022-07-11T10:29:34.970+0100,2022-07-11 10:33:26,37.831151738067,6
5579,f4:02:28:5a:28:63,63.774025,31.031845,64,-71,2022-07-11T10:29:34.970+0100,2022-07-11 10:33:28,37.831151738067,6
5580,f4:02:28:5a:28:63,63.774025,31.031845,64,-71,2022-07-11T10:29:34.970+0100,2022-07-11 10:33:29,37.831151738067,6
5581,f4:02:28:5a:28:63,63.774025,31.031845,64,-71,2022-07-11T10:29:34.970+0100,2022-07-11 10:33:30,37.831151738067,6
5582,f4:02:28:5a:28:63,63.774025,31.031845,64,-71,2022-07-11T10:29:34.970+0100,2022-07-11 10:33:31,37.831151738067,6
5583,f4:02:28:5a:28:63,63.774025,31.031845,64,-71,2022-07-11T10:29:34.970+0100,2022-07-11 10:33:32,37.831151738067,6
5584,f4:02:28:5a:28:63,16.256638,34.87307,32,-55,2022-07-11T10:33:33.547+0100,2022-07-11 10:33:33,13.199077721160066,6
5585,f4:02:28:5a:28:63,16.256638,34.87307,32,-55,2022-07-11T10:33:33.547+0100,2022-07-11 10:33:34,13.199077721160066,6
5586,f4:02:28:5a:28:63,16.256638,34.87307,32,-55,2022-07-11T10:33:33.547+0100,2022-07-11 10:33:35,13.199077721160066,6
5587,f4:02:28:5a:28:63,16.256638,34.87307,32,-55,2022-07-11T10:33:33.547+0100,2022-07-11 10:33:36,13.199077721160066,6
5588,f4:02:28:5a:28:63,16.256638,34.87307,32,-55,2022-07-11T10:33:33.547+0100,2022-07-11 10:33:37,13.199077721160066,6
5589,f4:02:28:5a:28:63,16.256638,34.87307,32,-55,2022-07-11T10:33:33.547+0100,2022-07-11 10:33:39,13.199077721160066,6
5590,f4:02:28:5a:28:63,16.256638,34.87307,32,-55,2022-07-11T10:33:33.547+0100,2022-07-11 10:33:40,13.199077721160066,6
5591,f4:02:28:5a:28:63,16.256638,34.87307,32,-55,2022-07-11T10:33:33.547+0100,2022-07-11 10:33:41,13.199077721160066,6
5592,f4:02:28:5a:28:63,16.256638,34.87307,32,-55,2022-07-11T10:33:33.547+0100,2022-07-11 10:33:42,13.199077721160066,6
5593,f4:02:28:5a:28:63,16.256638,34.87307,32,-55,2022-07-11T10:33:33.547+0100,2022-07-11 10:33:43,13.199077721160066,6
5594,f4:02:28:5a:28:63,16.256638,34.87307,32,-55,2022-07-11T10:33:33.547+0100,2022-07-11 10:33:44,13.199077721160066,6
5595,f4:02:28:5a:28:63,16.256638,34.87307,32,-55,2022-07-11T10:33:33.547+0100,2022-07-11 10:33:45,13.199077721160066,6
5596,f4:02:28:5a:28:63,16.256638,34.87307,32,-55,2022-07-11T10:33:33.547+0100,2022-07-11 10:33:46,13.199077721160066,6
5597,f4:02:28:5a:28:63,16.256638,34.87307,32,-55,2022-07-11T10:33:33.547+0100,2022-07-11 10:33:47,13.199077721160066,6
5598,f4:02:28:5a:28:63,16.256638,34.87307,32,-55,2022-07-11T10:33:33.547+0100,2022-07-11 10:33:49,13.199077721160066,6
5599,f4:02:28:5a:28:63,16.256638,34.87307,32,-55,2022-07-11T10:33:33.547+0100,2022-07-11 10:33:50,13.199077721160066,6
5600,f4:02:28:5a:28:63,16.256638,34.87307,32,-55,2022-07-11T10:33:33.547+0100,2022-07-11 10:33:51,13.199077721160066,6
5601,f4:02:28:5a:28:63,16.256638,34.87307,32,-55,2022-07-11T10:33:33.547+0100,2022-07-11 10:33:52,13.199077721160066,6
5602,f4:02:28:5a:28:63,16.256638,34.87307,32,-55,2022-07-11T10:33:33.547+0100,2022-07-11 10:33:53,13.199077721160066,6
5603,f4:02:28:5a:28:63,16.256638,34.87307,32,-55,2022-07-11T10:33:33.547+0100,2022-07-11 10:33:54,13.199077721160066,6
5604,f4:02:28:5a:28:63,16.256638,34.87307,32,-55,2022-07-11T10:33:33.547+0100,2022-07-11 10:33:55,13.199077721160066,6
5605,f4:02:28:5a:28:63,16.256638,34.87307,32,-55,2022-07-11T10:33:33.547+0100,2022-07-11 10:33:57,13.199077721160066,6
5606,f4:02:28:5a:28:63,16.256638,34.87307,32,-55,2022-07-11T10:33:33.547+0100,2022-07-11 10:33:58,13.199077721160066,6
5607,f4:02:28:5a:28:63,16.256638,34.87307,32,-55,2022-07-11T10:33:33.547+0100,2022-07-11 10:33:59,13.199077721160066,6
5608,f4:02:28:5a:28:63,16.256638,34.87307,32,-55,2022-07-11T10:33:33.547+0100,2022-07-11 10:34:00,13.199077721160066,6
5609,f4:02:28:5a:28:63,16.256638,34.87307,32,-55,2022-07-11T10:33:33.547+0100,2022-07-11 10:34:01,13.199077721160066,6
5610,f4:02:28:5a:28:63,16.256638,34.87307,32,-55,2022-07-11T10:33:33.547+0100,2022-07-11 10:34:02,13.199077721160066,6
5611,f4:02:28:5a:28:63,16.256638,34.87307,32,-55,2022-07-11T10:33:33.547+0100,2022-07-11 10:34:03,13.199077721160066,6
5612,f4:02:28:5a:28:63,16.256638,34.87307,32,-55,2022-07-11T10:33:33.547+0100,2022-07-11 10:34:04,13.199077721160066,6
5613,f4:02:28:5a:28:63,16.256638,34.87307,32,-55,2022-07-11T10:33:33.547+0100,2022-07-11 10:34:06,13.199077721160066,6
5614,f4:02:28:5a:28:63,16.256638,34.87307,32,-55,2022-07-11T10:33:33.547+0100,2022-07-11 10:34:07,13.199077721160066,6
5615,f4:02:28:5a:28:63,16.256638,34.87307,32,-55,2022-07-11T10:33:33.547+0100,2022-07-11 10:34:08,13.199077721160066,6
5616,f4:02:28:5a:28:63,16.256638,34.87307,32,-55,2022-07-11T10:33:33.547+0100,2022-07-11 10:34:09,13.199077721160066,6
5617,f4:02:28:5a:28:63,16.256638,34.87307,32,-55,2022-07-11T10:33:33.547+0100,2022-07-11 10:34:10,13.199077721160066,6
5618,f4:02:28:5a:28:63,16.256638,34.87307,32,-55,2022-07-11T10:33:33.547+0100,2022-07-11 10:34:11,13.199077721160066,6
5619,f4:02:28:5a:28:63,16.256638,34.87307,32,-55,2022-07-11T10:33:33.547+0100,2022-07-11 10:34:12,13.199077721160066,6
5620,f4:02:28:5a:28:63,16.256638,34.87307,32,-55,2022-07-11T10:33:33.547+0100,2022-07-11 10:34:13,13.199077721160066,6
5621,f4:02:28:5a:28:63,16.256638,34.87307,32,-55,2022-07-11T10:33:33.547+0100,2022-07-11 10:34:14,13.199077721160066,6
5622,f4:02:28:5a:28:63,16.256638,34.87307,32,-55,2022-07-11T10:33:33.547+0100,2022-07-11 10:34:15,13.199077721160066,6
5623,f4:02:28:5a:28:63,16.256638,34.87307,32,-55,2022-07-11T10:33:33.547+0100,2022-07-11 10:34:17,13.199077721160066,6
5624,f4:02:28:5a:28:63,16.256638,34.87307,32,-55,2022-07-11T10:33:33.547+0100,2022-07-11 10:34:18,13.199077721160066,6
5625,f4:02:28:5a:28:63,16.256638,34.87307,32,-55,2022-07-11T10:33:33.547+0100,2022-07-11 10:34:19,13.199077721160066,6
5626,f4:02:28:5a:28:63,16.256638,34.87307,32,-55,2022-07-11T10:33:33.547+0100,2022-07-11 10:34:20,13.199077721160066,6
5627,f4:02:28:5a:28:63,16.256638,34.87307,32,-55,2022-07-11T10:33:33.547+0100,2022-07-11 10:34:21,13.199077721160066,6
5628,f4:02:28:5a:28:63,16.256638,34.87307,32,-55,2022-07-11T10:33:33.547+0100,2022-07-11 10:34:22,13.199077721160066,6
5629,f4:02:28:5a:28:63,16.256638,34.87307,32,-55,2022-07-11T10:33:33.547+0100,2022-07-11 10:34:23,13.199077721160066,6
5630,f4:02:28:5a:28:63,16.256638,34.87307,32,-55,2022-07-11T10:33:33.547+0100,2022-07-11 10:34:24,13.199077721160066,6
5631,f4:02:28:5a:28:63,16.256638,34.87307,32,-55,2022-07-11T10:33:33.547+0100,2022-07-11 10:34:26,13.199077721160066,6
5632,f4:02:28:5a:28:63,16.256638,34.87307,32,-55,2022-07-11T10:33:33.547+0100,2022-07-11 10:34:27,13.199077721160066,6
5633,f4:02:28:5a:28:63,16.256638,34.87307,32,-55,2022-07-11T10:33:33.547+0100,2022-07-11 10:34:28,13.199077721160066,6
5634,f4:02:28:5a:28:63,16.256638,34.87307,32,-55,2022-07-11T10:33:33.547+0100,2022-07-11 10:34:29,13.199077721160066,6
5635,f4:02:28:5a:28:63,16.256638,34.87307,32,-55,2022-07-11T10:33:33.547+0100,2022-07-11 10:34:30,13.199077721160066,6
5636,f4:02:28:5a:28:63,16.256638,34.87307,32,-55,2022-07-11T10:33:33.547+0100,2022-07-11 10:34:31,13.199077721160066,6
5637,f4:02:28:5a:28:63,16.256638,34.87307,32,-55,2022-07-11T10:33:33.547+0100,2022-07-11 10:34:32,13.199077721160066,6
5638,f4:02:28:5a:28:63,16.256638,34.87307,32,-55,2022-07-11T10:33:33.547+0100,2022-07-11 10:34:33,13.199077721160066,6
5639,f4:02:28:5a:28:63,16.256638,34.87307,32,-55,2022-07-11T10:33:33.547+0100,2022-07-11 10:34:34,13.199077721160066,6
5640,f4:02:28:5a:28:63,16.256638,34.87307,32,-55,2022-07-11T10:33:33.547+0100,2022-07-11 10:34:35,13.199077721160066,6
5641,f4:02:28:5a:28:63,16.256638,34.87307,32,-55,2022-07-11T10:33:33.547+0100,2022-07-11 10:34:37,13.199077721160066,6
5642,f4:02:28:5a:28:63,16.256638,34.87307,32,-55,2022-07-11T10:33:33.547+0100,2022-07-11 10:34:38,13.199077721160066,6
5643,f4:02:28:5a:28:63,16.256638,34.87307,32,-55,2022-07-11T10:33:33.547+0100,2022-07-11 10:34:39,13.199077721160066,6
5644,f4:02:28:5a:28:63,16.256638,34.87307,32,-55,2022-07-11T10:33:33.547+0100,2022-07-11 10:34:40,13.199077721160066,6
5645,f4:02:28:5a:28:63,16.256638,34.87307,32,-55,2022-07-11T10:33:33.547+0100,2022-07-11 10:34:41,13.199077721160066,6
5646,f4:02:28:5a:28:63,16.256638,34.87307,32,-55,2022-07-11T10:33:33.547+0100,2022-07-11 10:34:42,13.199077721160066,6
5647,f4:02:28:5a:28:63,16.256638,34.87307,32,-55,2022-07-11T10:33:33.547+0100,2022-07-11 10:34:43,13.199077721160066,6
5648,f4:02:28:5a:28:63,16.256638,34.87307,32,-55,2022-07-11T10:33:33.547+0100,2022-07-11 10:34:44,13.199077721160066,6
5649,f4:02:28:5a:28:63,16.256638,34.87307,32,-55,2022-07-11T10:33:33.547+0100,2022-07-11 10:34:46,13.199077721160066,6
5650,f4:02:28:5a:28:63,16.256638,34.87307,32,-55,2022-07-11T10:33:33.547+0100,2022-07-11 10:34:47,13.199077721160066,6
5651,f4:02:28:5a:28:63,16.256638,34.87307,32,-55,2022-07-11T10:33:33.547+0100,2022-07-11 10:34:48,13.199077721160066,6
5652,f4:02:28:5a:28:63,16.256638,34.87307,32,-55,2022-07-11T10:33:33.547+0100,2022-07-11 10:34:49,13.199077721160066,6
5653,f4:02:28:5a:28:63,16.256638,34.87307,32,-55,2022-07-11T10:33:33.547+0100,2022-07-11 10:34:50,13.199077721160066,6
5654,f4:02:28:5a:28:63,16.256638,34.87307,32,-55,2022-07-11T10:33:33.547+0100,2022-07-11 10:34:51,13.199077721160066,6
5655,f4:02:28:5a:28:63,16.256638,34.87307,32,-55,2022-07-11T10:33:33.547+0100,2022-07-11 10:34:53,13.199077721160066,6
5656,f4:02:28:5a:28:63,16.256638,34.87307,32,-55,2022-07-11T10:33:33.547+0100,2022-07-11 10:34:54,13.199077721160066,6
5657,f4:02:28:5a:28:63,16.256638,34.87307,32,-55,2022-07-11T10:33:33.547+0100,2022-07-11 10:34:55,13.199077721160066,6
5658,f4:02:28:5a:28:63,16.256638,34.87307,32,-55,2022-07-11T10:33:33.547+0100,2022-07-11 10:34:56,13.199077721160066,6
5659,f4:02:28:5a:28:63,16.256638,34.87307,32,-55,2022-07-11T10:33:33.547+0100,2022-07-11 10:34:57,13.199077721160066,6
5660,f4:02:28:5a:28:63,16.256638,34.87307,32,-55,2022-07-11T10:33:33.547+0100,2022-07-11 10:34:58,13.199077721160066,6
5661,f4:02:28:5a:28:63,16.256638,34.87307,32,-55,2022-07-11T10:33:33.547+0100,2022-07-11 10:34:59,13.199077721160066,6
5662,f4:02:28:5a:28:63,16.256638,34.87307,32,-55,2022-07-11T10:33:33.547+0100,2022-07-11 10:35:00,13.199077721160066,6
5663,f4:02:28:5a:28:63,16.256638,34.87307,32,-55,2022-07-11T10:33:33.547+0100,2022-07-11 10:35:01,13.199077721160066,6
5664,f4:02:28:5a:28:63,16.256638,34.87307,32,-55,2022-07-11T10:33:33.547+0100,2022-07-11 10:35:02,13.199077721160066,6
5665,f4:02:28:5a:28:63,16.256638,34.87307,32,-55,2022-07-11T10:33:33.547+0100,2022-07-11 10:35:03,13.199077721160066,6
5666,f4:02:28:5a:28:63,16.256638,34.87307,32,-55,2022-07-11T10:33:33.547+0100,2022-07-11 10:35:04,13.199077721160066,6
5667,f4:02:28:5a:28:63,16.256638,34.87307,32,-55,2022-07-11T10:33:33.547+0100,2022-07-11 10:35:06,13.199077721160066,6
5668,f4:02:28:5a:28:63,16.256638,34.87307,32,-55,2022-07-11T10:33:33.547+0100,2022-07-11 10:35:07,13.199077721160066,6
5669,f4:02:28:5a:28:63,16.256638,34.87307,32,-55,2022-07-11T10:33:33.547+0100,2022-07-11 10:35:08,13.199077721160066,6
5670,f4:02:28:5a:28:63,16.256638,34.87307,32,-55,2022-07-11T10:33:33.547+0100,2022-07-11 10:35:09,13.199077721160066,6
5671,f4:02:28:5a:28:63,16.256638,34.87307,32,-55,2022-07-11T10:33:33.547+0100,2022-07-11 10:35:10,13.199077721160066,6
5672,f4:02:28:5a:28:63,16.256638,34.87307,32,-55,2022-07-11T10:33:33.547+0100,2022-07-11 10:35:11,13.199077721160066,6
5673,f4:02:28:5a:28:63,16.256638,34.87307,32,-55,2022-07-11T10:33:33.547+0100,2022-07-11 10:35:12,13.199077721160066,6
5674,f4:02:28:5a:28:63,16.256638,34.87307,32,-55,2022-07-11T10:33:33.547+0100,2022-07-11 10:35:13,13.199077721160066,6
5675,f4:02:28:5a:28:63,16.256638,34.87307,32,-55,2022-07-11T10:33:33.547+0100,2022-07-11 10:35:14,13.199077721160066,6
5676,f4:02:28:5a:28:63,16.256638,34.87307,32,-55,2022-07-11T10:33:33.547+0100,2022-07-11 10:35:15,13.199077721160066,6
5677,f4:02:28:5a:28:63,16.256638,34.87307,32,-55,2022-07-11T10:33:33.547+0100,2022-07-11 10:35:16,13.199077721160066,6
5678,f4:02:28:5a:28:63,16.256638,34.87307,32,-55,2022-07-11T10:33:33.547+0100,2022-07-11 10:35:17,13.199077721160066,6
5679,f4:02:28:5a:28:63,16.256638,34.87307,32,-55,2022-07-11T10:33:33.547+0100,2022-07-11 10:35:18,13.199077721160066,6
5680,f4:02:28:5a:28:63,16.256638,34.87307,32,-55,2022-07-11T10:33:33.547+0100,2022-07-11 10:35:20,13.199077721160066,6
5681,f4:02:28:5a:28:63,16.256638,34.87307,32,-55,2022-07-11T10:33:33.547+0100,2022-07-11 10:35:21,13.199077721160066,6
5682,f4:02:28:5a:28:63,16.256638,34.87307,32,-55,2022-07-11T10:33:33.547+0100,2022-07-11 10:35:22,13.199077721160066,6
5683,f4:02:28:5a:28:63,16.256638,34.87307,32,-55,2022-07-11T10:33:33.547+0100,2022-07-11 10:35:24,13.199077721160066,6
5684,f4:02:28:5a:28:63,16.256638,34.87307,32,-55,2022-07-11T10:33:33.547+0100,2022-07-11 10:35:25,13.199077721160066,6
5685,f4:02:28:5a:28:63,16.256638,34.87307,32,-55,2022-07-11T10:33:33.547+0100,2022-07-11 10:35:26,13.199077721160066,6
5686,f4:02:28:5a:28:63,16.256638,34.87307,32,-55,2022-07-11T10:33:33.547+0100,2022-07-11 10:35:27,13.199077721160066,6
5687,f4:02:28:5a:28:63,16.256638,34.87307,32,-55,2022-07-11T10:33:33.547+0100,2022-07-11 10:35:28,13.199077721160066,6
5688,f4:02:28:5a:28:63,16.256638,34.87307,32,-55,2022-07-11T10:33:33.547+0100,2022-07-11 10:35:29,13.199077721160066,6
5689,f4:02:28:5a:28:63,16.256638,34.87307,32,-55,2022-07-11T10:33:33.547+0100,2022-07-11 10:35:30,13.199077721160066,6
5690,f4:02:28:5a:28:63,16.256638,34.87307,32,-55,2022-07-11T10:33:33.547+0100,2022-07-11 10:35:31,13.199077721160066,6
5691,f4:02:28:5a:28:63,16.256638,34.87307,32,-55,2022-07-11T10:33:33.547+0100,2022-07-11 10:35:32,13.199077721160066,6
5692,f4:02:28:5a:28:63,16.256638,34.87307,32,-55,2022-07-11T10:33:33.547+0100,2022-07-11 10:35:34,13.199077721160066,6
5693,f4:02:28:5a:28:63,16.256638,34.87307,32,-55,2022-07-11T10:33:33.547+0100,2022-07-11 10:35:35,13.199077721160066,6
5694,f4:02:28:5a:28:63,16.256638,34.87307,32,-55,2022-07-11T10:33:33.547+0100,2022-07-11 10:35:36,13.199077721160066,6
5695,f4:02:28:5a:28:63,16.256638,34.87307,32,-55,2022-07-11T10:33:33.547+0100,2022-07-11 10:35:37,13.199077721160066,6
5696,f4:02:28:5a:28:63,16.256638,34.87307,32,-55,2022-07-11T10:33:33.547+0100,2022-07-11 10:35:38,13.199077721160066,6
5697,f4:02:28:5a:28:63,16.256638,34.87307,32,-55,2022-07-11T10:33:33.547+0100,2022-07-11 10:35:39,13.199077721160066,6
5698,f4:02:28:5a:28:63,16.256638,34.87307,32,-55,2022-07-11T10:33:33.547+0100,2022-07-11 10:35:40,13.199077721160066,6
5699,f4:02:28:5a:28:63,16.256638,34.87307,32,-55,2022-07-11T10:33:33.547+0100,2022-07-11 10:35:41,13.199077721160066,6
5700,f4:02:28:5a:28:63,16.256638,34.87307,32,-55,2022-07-11T10:33:33.547+0100,2022-07-11 10:35:42,13.199077721160066,6
5701,f4:02:28:5a:28:63,16.256638,34.87307,32,-55,2022-07-11T10:33:33.547+0100,2022-07-11 10:35:43,13.199077721160066,6
5702,f4:02:28:5a:28:63,16.256638,34.87307,32,-55,2022-07-11T10:33:33.547+0100,2022-07-11 10:35:45,13.199077721160066,6
5703,f4:02:28:5a:28:63,16.256638,34.87307,32,-55,2022-07-11T10:33:33.547+0100,2022-07-11 10:35:46,13.199077721160066,6
5704,f4:02:28:5a:28:63,16.256638,34.87307,32,-55,2022-07-11T10:33:33.547+0100,2022-07-11 10:35:47,13.199077721160066,6
5705,f4:02:28:5a:28:63,16.256638,34.87307,32,-55,2022-07-11T10:33:33.547+0100,2022-07-11 10:35:48,13.199077721160066,6
5706,f4:02:28:5a:28:63,16.256638,34.87307,32,-55,2022-07-11T10:33:33.547+0100,2022-07-11 10:35:49,13.199077721160066,6
5707,f4:02:28:5a:28:63,16.256638,34.87307,32,-55,2022-07-11T10:33:33.547+0100,2022-07-11 10:35:50,13.199077721160066,6
5708,f4:02:28:5a:28:63,16.256638,34.87307,32,-55,2022-07-11T10:33:33.547+0100,2022-07-11 10:35:51,13.199077721160066,6
5709,f4:02:28:5a:28:63,16.256638,34.87307,32,-55,2022-07-11T10:33:33.547+0100,2022-07-11 10:35:52,13.199077721160066,6
5710,f4:02:28:5a:28:63,16.256638,34.87307,32,-55,2022-07-11T10:33:33.547+0100,2022-07-11 10:35:53,13.199077721160066,6
5711,f4:02:28:5a:28:63,16.256638,34.87307,32,-55,2022-07-11T10:33:33.547+0100,2022-07-11 10:35:54,13.199077721160066,6
5712,f4:02:28:5a:28:63,16.256638,34.87307,32,-55,2022-07-11T10:33:33.547+0100,2022-07-11 10:35:55,13.199077721160066,6
5713,f4:02:28:5a:28:63,16.256638,34.87307,32,-55,2022-07-11T10:33:33.547+0100,2022-07-11 10:35:56,13.199077721160066,6
5714,f4:02:28:5a:28:63,16.256638,34.87307,32,-55,2022-07-11T10:33:33.547+0100,2022-07-11 10:35:57,13.199077721160066,6
5715,f4:02:28:5a:28:63,16.256638,34.87307,32,-55,2022-07-11T10:33:33.547+0100,2022-07-11 10:35:58,13.199077721160066,6
5716,f4:02:28:5a:28:63,16.256638,34.87307,32,-55,2022-07-11T10:33:33.547+0100,2022-07-11 10:36:00,13.199077721160066,6
5717,f4:02:28:5a:28:63,16.256638,34.87307,32,-55,2022-07-11T10:33:33.547+0100,2022-07-11 10:36:01,13.199077721160066,6
5718,f4:02:28:5a:28:63,16.256638,34.87307,32,-55,2022-07-11T10:33:33.547+0100,2022-07-11 10:36:02,13.199077721160066,6
5719,f4:02:28:5a:28:63,16.256638,34.87307,32,-55,2022-07-11T10:33:33.547+0100,2022-07-11 10:36:03,13.199077721160066,6
5720,f4:02:28:5a:28:63,16.256638,34.87307,32,-55,2022-07-11T10:33:33.547+0100,2022-07-11 10:36:04,13.199077721160066,6
5721,f4:02:28:5a:28:63,16.256638,34.87307,32,-55,2022-07-11T10:33:33.547+0100,2022-07-11 10:36:05,13.199077721160066,6
5722,f4:02:28:5a:28:63,16.256638,34.87307,32,-55,2022-07-11T10:33:33.547+0100,2022-07-11 10:36:06,13.199077721160066,6
5723,f4:02:28:5a:28:63,16.256638,34.87307,32,-55,2022-07-11T10:33:33.547+0100,2022-07-11 10:36:07,13.199077721160066,6
5724,f4:02:28:5a:28:63,16.256638,34.87307,32,-55,2022-07-11T10:33:33.547+0100,2022-07-11 10:36:08,13.199077721160066,6
5725,f4:02:28:5a:28:63,16.256638,34.87307,32,-55,2022-07-11T10:33:33.547+0100,2022-07-11 10:36:09,13.199077721160066,6
5726,f4:02:28:5a:28:63,16.256638,34.87307,32,-55,2022-07-11T10:33:33.547+0100,2022-07-11 10:36:10,13.199077721160066,6
5727,f4:02:28:5a:28:63,16.256638,34.87307,32,-55,2022-07-11T10:33:33.547+0100,2022-07-11 10:36:11,13.199077721160066,6
5728,f4:02:28:5a:28:63,16.256638,34.87307,32,-55,2022-07-11T10:33:33.547+0100,2022-07-11 10:36:12,13.199077721160066,6
5729,f4:02:28:5a:28:63,16.256638,34.87307,32,-55,2022-07-11T10:33:33.547+0100,2022-07-11 10:36:13,13.199077721160066,6
5730,f4:02:28:5a:28:63,16.256638,34.87307,32,-55,2022-07-11T10:33:33.547+0100,2022-07-11 10:36:15,13.199077721160066,6
5731,f4:02:28:5a:28:63,16.256638,34.87307,32,-55,2022-07-11T10:33:33.547+0100,2022-07-11 10:36:16,13.199077721160066,6
5732,f4:02:28:5a:28:63,16.256638,34.87307,32,-55,2022-07-11T10:33:33.547+0100,2022-07-11 10:36:17,13.199077721160066,6
5733,f4:02:28:5a:28:63,16.256638,34.87307,32,-55,2022-07-11T10:33:33.547+0100,2022-07-11 10:36:18,13.199077721160066,6
5734,f4:02:28:5a:28:63,16.256638,34.87307,32,-55,2022-07-11T10:33:33.547+0100,2022-07-11 10:36:19,13.199077721160066,6
5735,f4:02:28:5a:28:63,16.256638,34.87307,32,-55,2022-07-11T10:33:33.547+0100,2022-07-11 10:36:20,13.199077721160066,6
5736,f4:02:28:5a:28:63,16.256638,34.87307,32,-55,2022-07-11T10:33:33.547+0100,2022-07-11 10:36:21,13.199077721160066,6
5737,f4:02:28:5a:28:63,16.256638,34.87307,32,-55,2022-07-11T10:33:33.547+0100,2022-07-11 10:36:22,13.199077721160066,6
5738,f4:02:28:5a:28:63,16.256638,34.87307,32,-55,2022-07-11T10:33:33.547+0100,2022-07-11 10:36:23,13.199077721160066,6
5739,f4:02:28:5a:28:63,16.256638,34.87307,32,-55,2022-07-11T10:33:33.547+0100,2022-07-11 10:36:24,13.199077721160066,6
5740,f4:02:28:5a:28:63,16.256638,34.87307,32,-55,2022-07-11T10:33:33.547+0100,2022-07-11 10:36:25,13.199077721160066,6
5741,f4:02:28:5a:28:63,16.256638,34.87307,32,-55,2022-07-11T10:33:33.547+0100,2022-07-11 10:36:27,13.199077721160066,6
5742,f4:02:28:5a:28:63,16.256638,34.87307,32,-55,2022-07-11T10:33:33.547+0100,2022-07-11 10:36:28,13.199077721160066,6
5743,f4:02:28:5a:28:63,16.256638,34.87307,32,-55,2022-07-11T10:33:33.547+0100,2022-07-11 10:36:29,13.199077721160066,6
5744,f4:02:28:5a:28:63,16.256638,34.87307,32,-55,2022-07-11T10:33:33.547+0100,2022-07-11 10:36:30,13.199077721160066,6
5745,f4:02:28:5a:28:63,16.256638,34.87307,32,-55,2022-07-11T10:33:33.547+0100,2022-07-11 10:36:31,13.199077721160066,6
5746,f4:02:28:5a:28:63,16.256638,34.87307,32,-55,2022-07-11T10:33:33.547+0100,2022-07-11 10:36:32,13.199077721160066,6
5747,f4:02:28:5a:28:63,16.256638,34.87307,32,-55,2022-07-11T10:33:33.547+0100,2022-07-11 10:36:33,13.199077721160066,6
5748,f4:02:28:5a:28:63,16.256638,34.87307,32,-55,2022-07-11T10:33:33.547+0100,2022-07-11 10:36:34,13.199077721160066,6
5749,f4:02:28:5a:28:63,16.256638,34.87307,32,-55,2022-07-11T10:33:33.547+0100,2022-07-11 10:36:35,13.199077721160066,6
5750,f4:02:28:5a:28:63,16.256638,34.87307,32,-55,2022-07-11T10:33:33.547+0100,2022-07-11 10:36:36,13.199077721160066,6
5751,f4:02:28:5a:28:63,16.256638,34.87307,32,-55,2022-07-11T10:33:33.547+0100,2022-07-11 10:36:37,13.199077721160066,6
5752,f4:02:28:5a:28:63,16.256638,34.87307,32,-55,2022-07-11T10:33:33.547+0100,2022-07-11 10:36:39,13.199077721160066,6
5753,f4:02:28:5a:28:63,16.256638,34.87307,32,-55,2022-07-11T10:33:33.547+0100,2022-07-11 10:36:40,13.199077721160066,6
5754,f4:02:28:5a:28:63,16.256638,34.87307,32,-55,2022-07-11T10:33:33.547+0100,2022-07-11 10:36:41,13.199077721160066,6
5755,f4:02:28:5a:28:63,16.256638,34.87307,32,-55,2022-07-11T10:33:33.547+0100,2022-07-11 10:36:42,13.199077721160066,6
5756,f4:02:28:5a:28:63,16.256638,34.87307,32,-55,2022-07-11T10:33:33.547+0100,2022-07-11 10:36:43,13.199077721160066,6
5757,f4:02:28:5a:28:63,16.256638,34.87307,32,-55,2022-07-11T10:33:33.547+0100,2022-07-11 10:36:44,13.199077721160066,6
5758,f4:02:28:5a:28:63,16.256638,34.87307,32,-55,2022-07-11T10:33:33.547+0100,2022-07-11 10:36:45,13.199077721160066,6
5759,f4:02:28:5a:28:63,16.256638,34.87307,32,-55,2022-07-11T10:33:33.547+0100,2022-07-11 10:36:46,13.199077721160066,6
5760,f4:02:28:5a:28:63,16.256638,34.87307,32,-55,2022-07-11T10:33:33.547+0100,2022-07-11 10:36:47,13.199077721160066,6
5761,f4:02:28:5a:28:63,16.256638,34.87307,32,-55,2022-07-11T10:33:33.547+0100,2022-07-11 10:36:48,13.199077721160066,6
5762,f4:02:28:5a:28:63,16.256638,34.87307,32,-55,2022-07-11T10:33:33.547+0100,2022-07-11 10:36:49,13.199077721160066,6
5763,f4:02:28:5a:28:63,16.256638,34.87307,32,-55,2022-07-11T10:33:33.547+0100,2022-07-11 10:36:50,13.199077721160066,6
5764,f4:02:28:5a:28:63,16.256638,34.87307,32,-55,2022-07-11T10:33:33.547+0100,2022-07-11 10:36:52,13.199077721160066,6
5765,f4:02:28:5a:28:63,16.256638,34.87307,32,-55,2022-07-11T10:33:33.547+0100,2022-07-11 10:36:53,13.199077721160066,6
5766,f4:02:28:5a:28:63,16.256638,34.87307,32,-55,2022-07-11T10:33:33.547+0100,2022-07-11 10:36:54,13.199077721160066,6
5767,f4:02:28:5a:28:63,16.256638,34.87307,32,-55,2022-07-11T10:33:33.547+0100,2022-07-11 10:36:55,13.199077721160066,6
5768,f4:02:28:5a:28:63,16.256638,34.87307,32,-55,2022-07-11T10:33:33.547+0100,2022-07-11 10:36:56,13.199077721160066,6
5769,f4:02:28:5a:28:63,16.256638,34.87307,32,-55,2022-07-11T10:33:33.547+0100,2022-07-11 10:36:57,13.199077721160066,6
5770,f4:02:28:5a:28:63,16.256638,34.87307,32,-55,2022-07-11T10:33:33.547+0100,2022-07-11 10:36:58,13.199077721160066,6
5771,f4:02:28:5a:28:63,16.256638,34.87307,32,-55,2022-07-11T10:33:33.547+0100,2022-07-11 10:36:59,13.199077721160066,6
5772,f4:02:28:5a:28:63,16.256638,34.87307,32,-55,2022-07-11T10:33:33.547+0100,2022-07-11 10:37:01,13.199077721160066,6
5773,f4:02:28:5a:28:63,16.256638,34.87307,32,-55,2022-07-11T10:33:33.547+0100,2022-07-11 10:37:02,13.199077721160066,6
5774,f4:02:28:5a:28:63,16.256638,34.87307,32,-55,2022-07-11T10:33:33.547+0100,2022-07-11 10:37:03,13.199077721160066,6
5775,f4:02:28:5a:28:63,16.256638,34.87307,32,-55,2022-07-11T10:33:33.547+0100,2022-07-11 10:37:04,13.199077721160066,6
5776,f4:02:28:5a:28:63,16.256638,34.87307,32,-55,2022-07-11T10:33:33.547+0100,2022-07-11 10:37:05,13.199077721160066,6
5777,f4:02:28:5a:28:63,16.256638,34.87307,32,-55,2022-07-11T10:33:33.547+0100,2022-07-11 10:37:06,13.199077721160066,6
5778,f4:02:28:5a:28:63,16.256638,34.87307,32,-55,2022-07-11T10:33:33.547+0100,2022-07-11 10:37:07,13.199077721160066,6
5779,f4:02:28:5a:28:63,16.256638,34.87307,32,-55,2022-07-11T10:33:33.547+0100,2022-07-11 10:37:08,13.199077721160066,6
5780,f4:02:28:5a:28:63,16.256638,34.87307,32,-55,2022-07-11T10:33:33.547+0100,2022-07-11 10:37:09,13.199077721160066,6
5781,f4:02:28:5a:28:63,16.256638,34.87307,32,-55,2022-07-11T10:33:33.547+0100,2022-07-11 10:37:11,13.199077721160066,6
5782,f4:02:28:5a:28:63,16.256638,34.87307,32,-55,2022-07-11T10:33:33.547+0100,2022-07-11 10:37:12,13.199077721160066,6
5783,f4:02:28:5a:28:63,16.256638,34.87307,32,-55,2022-07-11T10:33:33.547+0100,2022-07-11 10:37:13,13.199077721160066,6
5784,f4:02:28:5a:28:63,16.256638,34.87307,32,-55,2022-07-11T10:33:33.547+0100,2022-07-11 10:37:14,13.199077721160066,6
5785,f4:02:28:5a:28:63,16.256638,34.87307,32,-55,2022-07-11T10:33:33.547+0100,2022-07-11 10:37:15,13.199077721160066,6
5786,f4:02:28:5a:28:63,16.256638,34.87307,32,-55,2022-07-11T10:33:33.547+0100,2022-07-11 10:37:16,13.199077721160066,6
5787,f4:02:28:5a:28:63,16.256638,34.87307,32,-55,2022-07-11T10:33:33.547+0100,2022-07-11 10:37:17,13.199077721160066,6
5788,f4:02:28:5a:28:63,16.256638,34.87307,32,-55,2022-07-11T10:33:33.547+0100,2022-07-11 10:37:18,13.199077721160066,6
5789,f4:02:28:5a:28:63,16.256638,34.87307,32,-55,2022-07-11T10:33:33.547+0100,2022-07-11 10:37:19,13.199077721160066,6
5790,f4:02:28:5a:28:63,16.256638,34.87307,32,-55,2022-07-11T10:33:33.547+0100,2022-07-11 10:37:20,13.199077721160066,6
5791,f4:02:28:5a:28:63,16.256638,34.87307,32,-55,2022-07-11T10:33:33.547+0100,2022-07-11 10:37:22,13.199077721160066,6
5792,f4:02:28:5a:28:63,16.256638,34.87307,32,-55,2022-07-11T10:33:33.547+0100,2022-07-11 10:37:23,13.199077721160066,6
5793,f4:02:28:5a:28:63,16.256638,34.87307,32,-55,2022-07-11T10:33:33.547+0100,2022-07-11 10:37:24,13.199077721160066,6
5794,f4:02:28:5a:28:63,16.256638,34.87307,32,-55,2022-07-11T10:33:33.547+0100,2022-07-11 10:37:25,13.199077721160066,6
5795,f4:02:28:5a:28:63,16.256638,34.87307,32,-55,2022-07-11T10:33:33.547+0100,2022-07-11 10:37:26,13.199077721160066,6
5796,f4:02:28:5a:28:63,16.256638,34.87307,32,-55,2022-07-11T10:33:33.547+0100,2022-07-11 10:37:27,13.199077721160066,6
5797,f4:02:28:5a:28:63,16.256638,34.87307,32,-55,2022-07-11T10:33:33.547+0100,2022-07-11 10:37:28,13.199077721160066,6
5798,f4:02:28:5a:28:63,16.256638,34.87307,32,-55,2022-07-11T10:33:33.547+0100,2022-07-11 10:37:29,13.199077721160066,6
5799,f4:02:28:5a:28:63,16.256638,34.87307,32,-55,2022-07-11T10:33:33.547+0100,2022-07-11 10:37:30,13.199077721160066,6
5800,f4:02:28:5a:28:63,16.256638,34.87307,32,-55,2022-07-11T10:33:33.547+0100,2022-07-11 10:37:31,13.199077721160066,6
5801,f4:02:28:5a:28:63,16.256638,34.87307,32,-55,2022-07-11T10:33:33.547+0100,2022-07-11 10:37:32,13.199077721160066,6
5802,f4:02:28:5a:28:63,16.256638,34.87307,32,-55,2022-07-11T10:33:33.547+0100,2022-07-11 10:37:33,13.199077721160066,6
5803,f4:02:28:5a:28:63,16.256638,34.87307,32,-55,2022-07-11T10:33:33.547+0100,2022-07-11 10:37:35,13.199077721160066,6
5804,f4:02:28:5a:28:63,16.256638,34.87307,32,-55,2022-07-11T10:33:33.547+0100,2022-07-11 10:37:36,13.199077721160066,6
5805,f4:02:28:5a:28:63,16.256638,34.87307,32,-55,2022-07-11T10:33:33.547+0100,2022-07-11 10:37:37,13.199077721160066,6
5806,f4:02:28:5a:28:63,16.256638,34.87307,32,-55,2022-07-11T10:33:33.547+0100,2022-07-11 10:37:38,13.199077721160066,6
5807,f4:02:28:5a:28:63,16.256638,34.87307,32,-55,2022-07-11T10:33:33.547+0100,2022-07-11 10:37:39,13.199077721160066,6
5808,f4:02:28:5a:28:63,16.256638,34.87307,32,-55,2022-07-11T10:33:33.547+0100,2022-07-11 10:37:40,13.199077721160066,6
5809,f4:02:28:5a:28:63,16.256638,34.87307,32,-55,2022-07-11T10:33:33.547+0100,2022-07-11 10:37:41,13.199077721160066,6
5810,f4:02:28:5a:28:63,16.256638,34.87307,32,-55,2022-07-11T10:33:33.547+0100,2022-07-11 10:37:42,13.199077721160066,6
5811,f4:02:28:5a:28:63,16.256638,34.87307,32,-55,2022-07-11T10:33:33.547+0100,2022-07-11 10:37:43,13.199077721160066,6
5812,f4:02:28:5a:28:63,16.256638,34.87307,32,-55,2022-07-11T10:33:33.547+0100,2022-07-11 10:37:45,13.199077721160066,6
5813,f4:02:28:5a:28:63,16.256638,34.87307,32,-55,2022-07-11T10:33:33.547+0100,2022-07-11 10:37:46,13.199077721160066,6
5814,f4:02:28:5a:28:63,16.256638,34.87307,32,-55,2022-07-11T10:33:33.547+0100,2022-07-11 10:37:47,13.199077721160066,6
5815,f4:02:28:5a:28:63,16.256638,34.87307,32,-55,2022-07-11T10:33:33.547+0100,2022-07-11 10:37:48,13.199077721160066,6
5816,f4:02:28:5a:28:63,16.256638,34.87307,32,-55,2022-07-11T10:33:33.547+0100,2022-07-11 10:37:49,13.199077721160066,6
5817,f4:02:28:5a:28:63,16.256638,34.87307,32,-55,2022-07-11T10:33:33.547+0100,2022-07-11 10:37:50,13.199077721160066,6
5818,f4:02:28:5a:28:63,16.256638,34.87307,32,-55,2022-07-11T10:33:33.547+0100,2022-07-11 10:37:51,13.199077721160066,6
5819,f4:02:28:5a:28:63,16.256638,34.87307,32,-55,2022-07-11T10:33:33.547+0100,2022-07-11 10:37:52,13.199077721160066,6
5820,f4:02:28:5a:28:63,16.256638,34.87307,32,-55,2022-07-11T10:33:33.547+0100,2022-07-11 10:37:54,13.199077721160066,6
5821,f4:02:28:5a:28:63,16.256638,34.87307,32,-55,2022-07-11T10:33:33.547+0100,2022-07-11 10:37:55,13.199077721160066,6
5822,f4:02:28:5a:28:63,16.256638,34.87307,32,-55,2022-07-11T10:33:33.547+0100,2022-07-11 10:37:56,13.199077721160066,6
5823,f4:02:28:5a:28:63,16.256638,34.87307,32,-55,2022-07-11T10:33:33.547+0100,2022-07-11 10:37:57,13.199077721160066,6
5824,f4:02:28:5a:28:63,16.256638,34.87307,32,-55,2022-07-11T10:33:33.547+0100,2022-07-11 10:37:58,13.199077721160066,6
5825,f4:02:28:5a:28:63,16.256638,34.87307,32,-55,2022-07-11T10:33:33.547+0100,2022-07-11 10:37:59,13.199077721160066,6
5826,f4:02:28:5a:28:63,16.256638,34.87307,32,-55,2022-07-11T10:33:33.547+0100,2022-07-11 10:38:00,13.199077721160066,6
5827,f4:02:28:5a:28:63,16.256638,34.87307,32,-55,2022-07-11T10:33:33.547+0100,2022-07-11 10:38:01,13.199077721160066,6
5828,f4:02:28:5a:28:63,16.256638,34.87307,32,-55,2022-07-11T10:33:33.547+0100,2022-07-11 10:38:02,13.199077721160066,6
5829,f4:02:28:5a:28:63,16.256638,34.87307,32,-55,2022-07-11T10:33:33.547+0100,2022-07-11 10:38:04,13.199077721160066,6
5830,f4:02:28:5a:28:63,16.256638,34.87307,32,-55,2022-07-11T10:33:33.547+0100,2022-07-11 10:38:05,13.199077721160066,6
5831,f4:02:28:5a:28:63,16.256638,34.87307,32,-55,2022-07-11T10:33:33.547+0100,2022-07-11 10:38:06,13.199077721160066,6
5832,f4:02:28:5a:28:63,16.256638,34.87307,32,-55,2022-07-11T10:33:33.547+0100,2022-07-11 10:38:07,13.199077721160066,6
5833,f4:02:28:5a:28:63,16.256638,34.87307,32,-55,2022-07-11T10:33:33.547+0100,2022-07-11 10:38:08,13.199077721160066,6
5834,f4:02:28:5a:28:63,16.256638,34.87307,32,-55,2022-07-11T10:33:33.547+0100,2022-07-11 10:38:09,13.199077721160066,6
5835,f4:02:28:5a:28:63,16.256638,34.87307,32,-55,2022-07-11T10:33:33.547+0100,2022-07-11 10:38:10,13.199077721160066,6
5836,f4:02:28:5a:28:63,16.256638,34.87307,32,-55,2022-07-11T10:33:33.547+0100,2022-07-11 10:38:11,13.199077721160066,6
5837,f4:02:28:5a:28:63,16.256638,34.87307,32,-55,2022-07-11T10:33:33.547+0100,2022-07-11 10:38:13,13.199077721160066,6
5838,f4:02:28:5a:28:63,16.256638,34.87307,32,-55,2022-07-11T10:33:33.547+0100,2022-07-11 10:38:14,13.199077721160066,6
5839,f4:02:28:5a:28:63,16.256638,34.87307,32,-55,2022-07-11T10:33:33.547+0100,2022-07-11 10:38:15,13.199077721160066,6
5840,f4:02:28:5a:28:63,16.256638,34.87307,32,-55,2022-07-11T10:33:33.547+0100,2022-07-11 10:38:16,13.199077721160066,6
5841,f4:02:28:5a:28:63,16.256638,34.87307,32,-55,2022-07-11T10:33:33.547+0100,2022-07-11 10:38:17,13.199077721160066,6
5842,f4:02:28:5a:28:63,16.256638,34.87307,32,-55,2022-07-11T10:33:33.547+0100,2022-07-11 10:38:18,13.199077721160066,6
5843,f4:02:28:5a:28:63,16.256638,34.87307,32,-55,2022-07-11T10:33:33.547+0100,2022-07-11 10:38:19,13.199077721160066,6
5844,f4:02:28:5a:28:63,16.256638,34.87307,32,-55,2022-07-11T10:33:33.547+0100,2022-07-11 10:38:20,13.199077721160066,6
5845,f4:02:28:5a:28:63,16.256638,34.87307,32,-55,2022-07-11T10:33:33.547+0100,2022-07-11 10:38:21,13.199077721160066,6
5846,f4:02:28:5a:28:63,16.256638,34.87307,32,-55,2022-07-11T10:33:33.547+0100,2022-07-11 10:38:23,13.199077721160066,6
5847,f4:02:28:5a:28:63,16.256638,34.87307,32,-55,2022-07-11T10:33:33.547+0100,2022-07-11 10:38:24,13.199077721160066,6
5848,f4:02:28:5a:28:63,16.256638,34.87307,32,-55,2022-07-11T10:33:33.547+0100,2022-07-11 10:38:25,13.199077721160066,6
5849,f4:02:28:5a:28:63,16.256638,34.87307,32,-55,2022-07-11T10:33:33.547+0100,2022-07-11 10:38:26,13.199077721160066,6
5850,f4:02:28:5a:28:63,16.256638,34.87307,32,-55,2022-07-11T10:33:33.547+0100,2022-07-11 10:38:27,13.199077721160066,6
5851,f4:02:28:5a:28:63,16.256638,34.87307,32,-55,2022-07-11T10:33:33.547+0100,2022-07-11 10:38:28,13.199077721160066,6
5852,f4:02:28:5a:28:63,16.256638,34.87307,32,-55,2022-07-11T10:33:33.547+0100,2022-07-11 10:38:30,13.199077721160066,6
5853,f4:02:28:5a:28:63,16.256638,34.87307,32,-55,2022-07-11T10:33:33.547+0100,2022-07-11 10:38:31,13.199077721160066,6
5854,f4:02:28:5a:28:63,16.256638,34.87307,32,-55,2022-07-11T10:33:33.547+0100,2022-07-11 10:38:32,13.199077721160066,6
5855,f4:02:28:5a:28:63,16.256638,34.87307,32,-55,2022-07-11T10:33:33.547+0100,2022-07-11 10:38:33,13.199077721160066,6
5856,f4:02:28:5a:28:63,16.256638,34.87307,32,-55,2022-07-11T10:33:33.547+0100,2022-07-11 10:38:34,13.199077721160066,6
5857,f4:02:28:5a:28:63,16.256638,34.87307,32,-55,2022-07-11T10:33:33.547+0100,2022-07-11 10:38:35,13.199077721160066,6
5858,f4:02:28:5a:28:63,16.256638,34.87307,32,-55,2022-07-11T10:33:33.547+0100,2022-07-11 10:38:36,13.199077721160066,6
5859,f4:02:28:5a:28:63,16.256638,34.87307,32,-55,2022-07-11T10:33:33.547+0100,2022-07-11 10:38:37,13.199077721160066,6
5860,f4:02:28:5a:28:63,16.256638,34.87307,32,-55,2022-07-11T10:33:33.547+0100,2022-07-11 10:38:39,13.199077721160066,6
5861,f4:02:28:5a:28:63,16.256638,34.87307,32,-55,2022-07-11T10:33:33.547+0100,2022-07-11 10:38:40,13.199077721160066,6
5862,f4:02:28:5a:28:63,16.256638,34.87307,32,-55,2022-07-11T10:33:33.547+0100,2022-07-11 10:38:41,13.199077721160066,6
5863,f4:02:28:5a:28:63,16.256638,34.87307,32,-55,2022-07-11T10:33:33.547+0100,2022-07-11 10:38:42,13.199077721160066,6
5864,f4:02:28:5a:28:63,16.256638,34.87307,32,-55,2022-07-11T10:33:33.547+0100,2022-07-11 10:38:43,13.199077721160066,6
5865,f4:02:28:5a:28:63,16.256638,34.87307,32,-55,2022-07-11T10:33:33.547+0100,2022-07-11 10:38:44,13.199077721160066,6
5866,f4:02:28:5a:28:63,16.256638,34.87307,32,-55,2022-07-11T10:33:33.547+0100,2022-07-11 10:38:45,13.199077721160066,6
5867,f4:02:28:5a:28:63,16.256638,34.87307,32,-55,2022-07-11T10:33:33.547+0100,2022-07-11 10:38:46,13.199077721160066,6
5868,f4:02:28:5a:28:63,16.256638,34.87307,32,-55,2022-07-11T10:33:33.547+0100,2022-07-11 10:38:47,13.199077721160066,6
5869,f4:02:28:5a:28:63,16.256638,34.87307,32,-55,2022-07-11T10:33:33.547+0100,2022-07-11 10:38:49,13.199077721160066,6
5870,f4:02:28:5a:28:63,16.256638,34.87307,32,-55,2022-07-11T10:33:33.547+0100,2022-07-11 10:38:50,13.199077721160066,6
5871,f4:02:28:5a:28:63,16.256638,34.87307,32,-55,2022-07-11T10:33:33.547+0100,2022-07-11 10:38:51,13.199077721160066,6
5872,f4:02:28:5a:28:63,16.256638,34.87307,32,-55,2022-07-11T10:33:33.547+0100,2022-07-11 10:38:52,13.199077721160066,6
5873,f4:02:28:5a:28:63,16.256638,34.87307,32,-55,2022-07-11T10:33:33.547+0100,2022-07-11 10:38:53,13.199077721160066,6
5874,f4:02:28:5a:28:63,16.256638,34.87307,32,-55,2022-07-11T10:33:33.547+0100,2022-07-11 10:38:54,13.199077721160066,6
5875,f4:02:28:5a:28:63,16.256638,34.87307,32,-55,2022-07-11T10:33:33.547+0100,2022-07-11 10:38:55,13.199077721160066,6
5876,f4:02:28:5a:28:63,16.256638,34.87307,32,-55,2022-07-11T10:33:33.547+0100,2022-07-11 10:38:56,13.199077721160066,6
5877,f4:02:28:5a:28:63,16.256638,34.87307,32,-55,2022-07-11T10:33:33.547+0100,2022-07-11 10:38:58,13.199077721160066,6
5878,f4:02:28:5a:28:63,16.256638,34.87307,32,-55,2022-07-11T10:33:33.547+0100,2022-07-11 10:38:59,13.199077721160066,6
5879,f4:02:28:5a:28:63,16.256638,34.87307,32,-55,2022-07-11T10:33:33.547+0100,2022-07-11 10:39:00,13.199077721160066,6
5880,f4:02:28:5a:28:63,16.256638,34.87307,32,-55,2022-07-11T10:33:33.547+0100,2022-07-11 10:39:01,13.199077721160066,6
5881,f4:02:28:5a:28:63,16.256638,34.87307,32,-55,2022-07-11T10:33:33.547+0100,2022-07-11 10:39:02,13.199077721160066,6
5882,f4:02:28:5a:28:63,16.256638,34.87307,32,-55,2022-07-11T10:33:33.547+0100,2022-07-11 10:39:03,13.199077721160066,6
5883,f4:02:28:5a:28:63,16.256638,34.87307,32,-55,2022-07-11T10:33:33.547+0100,2022-07-11 10:39:04,13.199077721160066,6
5884,f4:02:28:5a:28:63,16.256638,34.87307,32,-55,2022-07-11T10:33:33.547+0100,2022-07-11 10:39:05,13.199077721160066,6
5885,f4:02:28:5a:28:63,16.256638,34.87307,32,-55,2022-07-11T10:33:33.547+0100,2022-07-11 10:39:06,13.199077721160066,6
5886,f4:02:28:5a:28:63,16.256638,34.87307,32,-55,2022-07-11T10:33:33.547+0100,2022-07-11 10:39:07,13.199077721160066,6
5887,f4:02:28:5a:28:63,16.256638,34.87307,32,-55,2022-07-11T10:33:33.547+0100,2022-07-11 10:39:09,13.199077721160066,6
5888,f4:02:28:5a:28:63,16.256638,34.87307,32,-55,2022-07-11T10:33:33.547+0100,2022-07-11 10:39:10,13.199077721160066,6
5889,f4:02:28:5a:28:63,16.256638,34.87307,32,-55,2022-07-11T10:33:33.547+0100,2022-07-11 10:39:11,13.199077721160066,6
5890,f4:02:28:5a:28:63,16.256638,34.87307,32,-55,2022-07-11T10:33:33.547+0100,2022-07-11 10:39:12,13.199077721160066,6
5891,f4:02:28:5a:28:63,16.256638,34.87307,32,-55,2022-07-11T10:33:33.547+0100,2022-07-11 10:39:13,13.199077721160066,6
5892,f4:02:28:5a:28:63,16.256638,34.87307,32,-55,2022-07-11T10:33:33.547+0100,2022-07-11 10:39:14,13.199077721160066,6
5893,f4:02:28:5a:28:63,16.256638,34.87307,32,-55,2022-07-11T10:33:33.547+0100,2022-07-11 10:39:15,13.199077721160066,6
5894,f4:02:28:5a:28:63,16.256638,34.87307,32,-55,2022-07-11T10:33:33.547+0100,2022-07-11 10:39:17,13.199077721160066,6
5895,f4:02:28:5a:28:63,16.256638,34.87307,32,-55,2022-07-11T10:33:33.547+0100,2022-07-11 10:39:18,13.199077721160066,6
5896,f4:02:28:5a:28:63,16.256638,34.87307,32,-55,2022-07-11T10:33:33.547+0100,2022-07-11 10:39:19,13.199077721160066,6
5897,f4:02:28:5a:28:63,16.256638,34.87307,32,-55,2022-07-11T10:33:33.547+0100,2022-07-11 10:39:20,13.199077721160066,6
5898,f4:02:28:5a:28:63,16.256638,34.87307,32,-55,2022-07-11T10:33:33.547+0100,2022-07-11 10:39:21,13.199077721160066,6
5899,f4:02:28:5a:28:63,16.256638,34.87307,32,-55,2022-07-11T10:33:33.547+0100,2022-07-11 10:39:22,13.199077721160066,6
5900,f4:02:28:5a:28:63,16.256638,34.87307,32,-55,2022-07-11T10:33:33.547+0100,2022-07-11 10:39:23,13.199077721160066,6
5901,f4:02:28:5a:28:63,16.256638,34.87307,32,-55,2022-07-11T10:33:33.547+0100,2022-07-11 10:39:24,13.199077721160066,6
5902,f4:02:28:5a:28:63,16.256638,34.87307,32,-55,2022-07-11T10:33:33.547+0100,2022-07-11 10:39:26,13.199077721160066,6
5903,f4:02:28:5a:28:63,16.256638,34.87307,32,-55,2022-07-11T10:33:33.547+0100,2022-07-11 10:39:27,13.199077721160066,6
5904,f4:02:28:5a:28:63,16.256638,34.87307,32,-55,2022-07-11T10:33:33.547+0100,2022-07-11 10:39:28,13.199077721160066,6
5905,f4:02:28:5a:28:63,16.256638,34.87307,32,-55,2022-07-11T10:33:33.547+0100,2022-07-11 10:39:29,13.199077721160066,6
5906,f4:02:28:5a:28:63,16.256638,34.87307,32,-55,2022-07-11T10:33:33.547+0100,2022-07-11 10:39:30,13.199077721160066,6
5907,f4:02:28:5a:28:63,16.256638,34.87307,32,-55,2022-07-11T10:33:33.547+0100,2022-07-11 10:39:31,13.199077721160066,6
5908,f4:02:28:5a:28:63,16.256638,34.87307,32,-55,2022-07-11T10:33:33.547+0100,2022-07-11 10:39:32,13.199077721160066,6
5909,f4:02:28:5a:28:63,16.256638,34.87307,32,-55,2022-07-11T10:33:33.547+0100,2022-07-11 10:39:33,13.199077721160066,6
5910,f4:02:28:5a:28:63,16.256638,34.87307,32,-55,2022-07-11T10:33:33.547+0100,2022-07-11 10:39:34,13.199077721160066,6
5911,f4:02:28:5a:28:63,16.256638,34.87307,32,-55,2022-07-11T10:33:33.547+0100,2022-07-11 10:39:36,13.199077721160066,6
5912,f4:02:28:5a:28:63,16.256638,34.87307,32,-55,2022-07-11T10:33:33.547+0100,2022-07-11 10:39:37,13.199077721160066,6
5913,f4:02:28:5a:28:63,16.256638,34.87307,32,-55,2022-07-11T10:33:33.547+0100,2022-07-11 10:39:38,13.199077721160066,6
5914,f4:02:28:5a:28:63,16.256638,34.87307,32,-55,2022-07-11T10:33:33.547+0100,2022-07-11 10:39:39,13.199077721160066,6
5915,f4:02:28:5a:28:63,16.256638,34.87307,32,-55,2022-07-11T10:33:33.547+0100,2022-07-11 10:39:40,13.199077721160066,6
5916,f4:02:28:5a:28:63,16.256638,34.87307,32,-55,2022-07-11T10:33:33.547+0100,2022-07-11 10:39:41,13.199077721160066,6
5917,f4:02:28:5a:28:63,16.256638,34.87307,32,-55,2022-07-11T10:33:33.547+0100,2022-07-11 10:39:42,13.199077721160066,6
5918,f4:02:28:5a:28:63,16.256638,34.87307,32,-55,2022-07-11T10:33:33.547+0100,2022-07-11 10:39:44,13.199077721160066,6
5919,f4:02:28:5a:28:63,16.256638,34.87307,32,-55,2022-07-11T10:33:33.547+0100,2022-07-11 10:39:45,13.199077721160066,6
5920,f4:02:28:5a:28:63,16.256638,34.87307,32,-55,2022-07-11T10:33:33.547+0100,2022-07-11 10:39:46,13.199077721160066,6
5921,f4:02:28:5a:28:63,16.256638,34.87307,32,-55,2022-07-11T10:33:33.547+0100,2022-07-11 10:39:47,13.199077721160066,6
5922,f4:02:28:5a:28:63,16.256638,34.87307,32,-55,2022-07-11T10:33:33.547+0100,2022-07-11 10:39:48,13.199077721160066,6
5923,f4:02:28:5a:28:63,16.256638,34.87307,32,-55,2022-07-11T10:33:33.547+0100,2022-07-11 10:39:49,13.199077721160066,6
5924,f4:02:28:5a:28:63,16.256638,34.87307,32,-55,2022-07-11T10:33:33.547+0100,2022-07-11 10:39:50,13.199077721160066,6
5925,f4:02:28:5a:28:63,16.256638,34.87307,32,-55,2022-07-11T10:33:33.547+0100,2022-07-11 10:39:52,13.199077721160066,6
5926,f4:02:28:5a:28:63,16.256638,34.87307,32,-55,2022-07-11T10:33:33.547+0100,2022-07-11 10:39:53,13.199077721160066,6
5927,f4:02:28:5a:28:63,16.256638,34.87307,32,-55,2022-07-11T10:33:33.547+0100,2022-07-11 10:39:54,13.199077721160066,6
5928,f4:02:28:5a:28:63,16.256638,34.87307,32,-55,2022-07-11T10:33:33.547+0100,2022-07-11 10:39:55,13.199077721160066,6
5929,f4:02:28:5a:28:63,16.256638,34.87307,32,-55,2022-07-11T10:33:33.547+0100,2022-07-11 10:39:56,13.199077721160066,6
5930,f4:02:28:5a:28:63,16.256638,34.87307,32,-55,2022-07-11T10:33:33.547+0100,2022-07-11 10:39:57,13.199077721160066,6
5931,f4:02:28:5a:28:63,16.256638,34.87307,32,-55,2022-07-11T10:33:33.547+0100,2022-07-11 10:39:58,13.199077721160066,6
5932,f4:02:28:5a:28:63,16.256638,34.87307,32,-55,2022-07-11T10:33:33.547+0100,2022-07-11 10:39:59,13.199077721160066,6
5933,f4:02:28:5a:28:63,16.256638,34.87307,32,-55,2022-07-11T10:33:33.547+0100,2022-07-11 10:40:00,13.199077721160066,6
5934,f4:02:28:5a:28:63,16.256638,34.87307,32,-55,2022-07-11T10:33:33.547+0100,2022-07-11 10:40:02,13.199077721160066,6
5935,f4:02:28:5a:28:63,16.256638,34.87307,32,-55,2022-07-11T10:33:33.547+0100,2022-07-11 10:40:03,13.199077721160066,6
5936,f4:02:28:5a:28:63,16.256638,34.87307,32,-55,2022-07-11T10:33:33.547+0100,2022-07-11 10:40:04,13.199077721160066,6
5937,f4:02:28:5a:28:63,16.256638,34.87307,32,-55,2022-07-11T10:33:33.547+0100,2022-07-11 10:40:05,13.199077721160066,6
5938,f4:02:28:5a:28:63,16.256638,34.87307,32,-55,2022-07-11T10:33:33.547+0100,2022-07-11 10:40:06,13.199077721160066,6
5939,f4:02:28:5a:28:63,16.256638,34.87307,32,-55,2022-07-11T10:33:33.547+0100,2022-07-11 10:40:07,13.199077721160066,6
5940,f4:02:28:5a:28:63,16.256638,34.87307,32,-55,2022-07-11T10:33:33.547+0100,2022-07-11 10:40:08,13.199077721160066,6
5941,f4:02:28:5a:28:63,16.256638,34.87307,32,-55,2022-07-11T10:33:33.547+0100,2022-07-11 10:40:09,13.199077721160066,6
5942,f4:02:28:5a:28:63,16.256638,34.87307,32,-55,2022-07-11T10:33:33.547+0100,2022-07-11 10:40:11,13.199077721160066,6
5943,f4:02:28:5a:28:63,16.256638,34.87307,32,-55,2022-07-11T10:33:33.547+0100,2022-07-11 10:40:13,13.199077721160066,6
5944,f4:02:28:5a:28:63,16.256638,34.87307,32,-55,2022-07-11T10:33:33.547+0100,2022-07-11 10:40:14,13.199077721160066,6
5945,f4:02:28:5a:28:63,16.256638,34.87307,32,-55,2022-07-11T10:33:33.547+0100,2022-07-11 10:40:15,13.199077721160066,6
5946,f4:02:28:5a:28:63,16.256638,34.87307,32,-55,2022-07-11T10:33:33.547+0100,2022-07-11 10:40:16,13.199077721160066,6
5947,f4:02:28:5a:28:63,16.256638,34.87307,32,-55,2022-07-11T10:33:33.547+0100,2022-07-11 10:40:17,13.199077721160066,6
5948,f4:02:28:5a:28:63,16.256638,34.87307,32,-55,2022-07-11T10:33:33.547+0100,2022-07-11 10:40:18,13.199077721160066,6
5949,f4:02:28:5a:28:63,16.256638,34.87307,32,-55,2022-07-11T10:33:33.547+0100,2022-07-11 10:40:21,13.199077721160066,6
5950,f4:02:28:5a:28:63,16.256638,34.87307,32,-55,2022-07-11T10:33:33.547+0100,2022-07-11 10:40:22,13.199077721160066,6
5951,f4:02:28:5a:28:63,16.256638,34.87307,32,-55,2022-07-11T10:33:33.547+0100,2022-07-11 10:40:23,13.199077721160066,6
5952,f4:02:28:5a:28:63,16.256638,34.87307,32,-55,2022-07-11T10:33:33.547+0100,2022-07-11 10:40:25,13.199077721160066,6
5953,f4:02:28:5a:28:63,16.256638,34.87307,32,-55,2022-07-11T10:33:33.547+0100,2022-07-11 10:40:26,13.199077721160066,6
5954,f4:02:28:5a:28:63,16.256638,34.87307,32,-55,2022-07-11T10:33:33.547+0100,2022-07-11 10:40:27,13.199077721160066,6
5955,f4:02:28:5a:28:63,16.256638,34.87307,32,-55,2022-07-11T10:33:33.547+0100,2022-07-11 10:40:28,13.199077721160066,6
5956,f4:02:28:5a:28:63,16.256638,34.87307,32,-55,2022-07-11T10:33:33.547+0100,2022-07-11 10:40:29,13.199077721160066,6
5957,f4:02:28:5a:28:63,16.256638,34.87307,32,-55,2022-07-11T10:33:33.547+0100,2022-07-11 10:40:30,13.199077721160066,6
5958,f4:02:28:5a:28:63,16.256638,34.87307,32,-55,2022-07-11T10:33:33.547+0100,2022-07-11 10:40:32,13.199077721160066,6
5959,f4:02:28:5a:28:63,16.256638,34.87307,32,-55,2022-07-11T10:33:33.547+0100,2022-07-11 10:40:33,13.199077721160066,6
5960,f4:02:28:5a:28:63,16.256638,34.87307,32,-55,2022-07-11T10:33:33.547+0100,2022-07-11 10:40:34,13.199077721160066,6
5961,f4:02:28:5a:28:63,16.256638,34.87307,32,-55,2022-07-11T10:33:33.547+0100,2022-07-11 10:40:35,13.199077721160066,6
5962,f4:02:28:5a:28:63,16.256638,34.87307,32,-55,2022-07-11T10:33:33.547+0100,2022-07-11 10:40:37,13.199077721160066,6
5963,f4:02:28:5a:28:63,16.256638,34.87307,32,-55,2022-07-11T10:33:33.547+0100,2022-07-11 10:40:38,13.199077721160066,6
5964,f4:02:28:5a:28:63,16.256638,34.87307,32,-55,2022-07-11T10:33:33.547+0100,2022-07-11 10:40:39,13.199077721160066,6
5965,f4:02:28:5a:28:63,16.256638,34.87307,32,-55,2022-07-11T10:33:33.547+0100,2022-07-11 10:40:41,13.199077721160066,6
5966,f4:02:28:5a:28:63,16.256638,34.87307,32,-55,2022-07-11T10:33:33.547+0100,2022-07-11 10:40:42,13.199077721160066,6
5967,f4:02:28:5a:28:63,78.050674,3.048588,80,-82,2022-07-11T10:40:43.115+0100,2022-07-11 10:40:43,56.76092827221504,6
5968,f4:02:28:5a:28:63,78.050674,3.048588,80,-82,2022-07-11T10:40:43.115+0100,2022-07-11 10:40:44,56.76092827221504,6
5969,f4:02:28:5a:28:63,78.050674,3.048588,80,-82,2022-07-11T10:40:43.115+0100,2022-07-11 10:40:45,56.76092827221504,6
5970,f4:02:28:5a:28:63,78.050674,3.048588,80,-82,2022-07-11T10:40:43.115+0100,2022-07-11 10:40:47,56.76092827221504,6
5971,f4:02:28:5a:28:63,78.050674,3.048588,80,-82,2022-07-11T10:40:43.115+0100,2022-07-11 10:40:49,56.76092827221504,6
5972,f4:02:28:5a:28:63,78.050674,3.048588,80,-82,2022-07-11T10:40:43.115+0100,2022-07-11 10:40:50,56.76092827221504,6
5973,f4:02:28:5a:28:63,78.050674,3.048588,80,-82,2022-07-11T10:40:43.115+0100,2022-07-11 10:40:51,56.76092827221504,6
5974,f4:02:28:5a:28:63,78.050674,3.048588,80,-82,2022-07-11T10:40:43.115+0100,2022-07-11 10:40:52,56.76092827221504,6
5975,f4:02:28:5a:28:63,78.050674,3.048588,80,-82,2022-07-11T10:40:43.115+0100,2022-07-11 10:40:54,56.76092827221504,6
5976,f4:02:28:5a:28:63,78.050674,3.048588,80,-82,2022-07-11T10:40:43.115+0100,2022-07-11 10:40:55,56.76092827221504,6
5977,f4:02:28:5a:28:63,78.050674,3.048588,80,-82,2022-07-11T10:40:43.115+0100,2022-07-11 10:40:56,56.76092827221504,6
5978,f4:02:28:5a:28:63,78.050674,3.048588,80,-82,2022-07-11T10:40:43.115+0100,2022-07-11 10:40:57,56.76092827221504,6
5979,f4:02:28:5a:28:63,78.050674,3.048588,80,-82,2022-07-11T10:40:43.115+0100,2022-07-11 10:40:58,56.76092827221504,6
5980,f4:02:28:5a:28:63,78.050674,3.048588,80,-82,2022-07-11T10:40:43.115+0100,2022-07-11 10:40:59,56.76092827221504,6
5981,f4:02:28:5a:28:63,78.050674,3.048588,80,-82,2022-07-11T10:40:43.115+0100,2022-07-11 10:41:00,56.76092827221504,6
5982,f4:02:28:5a:28:63,78.050674,3.048588,80,-82,2022-07-11T10:40:43.115+0100,2022-07-11 10:41:01,56.76092827221504,6
5983,f4:02:28:5a:28:63,78.050674,3.048588,80,-82,2022-07-11T10:40:43.115+0100,2022-07-11 10:41:02,56.76092827221504,6
5984,f4:02:28:5a:28:63,78.050674,3.048588,80,-82,2022-07-11T10:40:43.115+0100,2022-07-11 10:41:03,56.76092827221504,6
5985,f4:02:28:5a:28:63,78.050674,3.048588,80,-82,2022-07-11T10:40:43.115+0100,2022-07-11 10:41:04,56.76092827221504,6
5986,f4:02:28:5a:28:63,78.050674,3.048588,80,-82,2022-07-11T10:40:43.115+0100,2022-07-11 10:41:06,56.76092827221504,6
5987,f4:02:28:5a:28:63,78.050674,3.048588,80,-82,2022-07-11T10:40:43.115+0100,2022-07-11 10:41:07,56.76092827221504,6
5988,f4:02:28:5a:28:63,78.050674,3.048588,80,-82,2022-07-11T10:40:43.115+0100,2022-07-11 10:41:08,56.76092827221504,6
5989,f4:02:28:5a:28:63,78.050674,3.048588,80,-82,2022-07-11T10:40:43.115+0100,2022-07-11 10:41:09,56.76092827221504,6
5990,f4:02:28:5a:28:63,78.050674,3.048588,80,-82,2022-07-11T10:40:43.115+0100,2022-07-11 10:41:10,56.76092827221504,6
5991,f4:02:28:5a:28:63,78.050674,3.048588,80,-82,2022-07-11T10:40:43.115+0100,2022-07-11 10:41:11,56.76092827221504,6
5992,f4:02:28:5a:28:63,78.050674,3.048588,80,-82,2022-07-11T10:40:43.115+0100,2022-07-11 10:41:12,56.76092827221504,6
5993,f4:02:28:5a:28:63,78.050674,3.048588,80,-82,2022-07-11T10:40:43.115+0100,2022-07-11 10:41:13,56.76092827221504,6
5994,f4:02:28:5a:28:63,78.050674,3.048588,80,-82,2022-07-11T10:40:43.115+0100,2022-07-11 10:41:14,56.76092827221504,6
5995,f4:02:28:5a:28:63,78.050674,3.048588,80,-82,2022-07-11T10:40:43.115+0100,2022-07-11 10:41:15,56.76092827221504,6
5996,f4:02:28:5a:28:63,78.050674,3.048588,80,-82,2022-07-11T10:40:43.115+0100,2022-07-11 10:41:16,56.76092827221504,6
5997,f4:02:28:5a:28:63,78.050674,3.048588,80,-82,2022-07-11T10:40:43.115+0100,2022-07-11 10:41:17,56.76092827221504,6
5998,f4:02:28:5a:28:63,78.050674,3.048588,80,-82,2022-07-11T10:40:43.115+0100,2022-07-11 10:41:19,56.76092827221504,6
5999,f4:02:28:5a:28:63,78.050674,3.048588,80,-82,2022-07-11T10:40:43.115+0100,2022-07-11 10:41:20,56.76092827221504,6
6000,f4:02:28:5a:28:63,78.050674,3.048588,80,-82,2022-07-11T10:40:43.115+0100,2022-07-11 10:41:21,56.76092827221504,6
6001,f4:02:28:5a:28:63,78.050674,3.048588,80,-82,2022-07-11T10:40:43.115+0100,2022-07-11 10:41:22,56.76092827221504,6
6002,f4:02:28:5a:28:63,78.050674,3.048588,80,-82,2022-07-11T10:40:43.115+0100,2022-07-11 10:41:23,56.76092827221504,6
6003,f4:02:28:5a:28:63,78.050674,3.048588,80,-82,2022-07-11T10:40:43.115+0100,2022-07-11 10:41:24,56.76092827221504,6
6004,f4:02:28:5a:28:63,78.050674,3.048588,80,-82,2022-07-11T10:40:43.115+0100,2022-07-11 10:41:25,56.76092827221504,6
6005,f4:02:28:5a:28:63,78.050674,3.048588,80,-82,2022-07-11T10:40:43.115+0100,2022-07-11 10:41:26,56.76092827221504,6
6006,f4:02:28:5a:28:63,78.050674,3.048588,80,-82,2022-07-11T10:40:43.115+0100,2022-07-11 10:41:27,56.76092827221504,6
6007,f4:02:28:5a:28:63,78.050674,3.048588,80,-82,2022-07-11T10:40:43.115+0100,2022-07-11 10:41:29,56.76092827221504,6
6008,f4:02:28:5a:28:63,78.050674,3.048588,80,-82,2022-07-11T10:40:43.115+0100,2022-07-11 10:41:30,56.76092827221504,6
6009,f4:02:28:5a:28:63,78.050674,3.048588,80,-82,2022-07-11T10:40:43.115+0100,2022-07-11 10:41:31,56.76092827221504,6
6010,f4:02:28:5a:28:63,78.050674,3.048588,80,-82,2022-07-11T10:40:43.115+0100,2022-07-11 10:41:32,56.76092827221504,6
6011,f4:02:28:5a:28:63,78.050674,3.048588,80,-82,2022-07-11T10:40:43.115+0100,2022-07-11 10:41:33,56.76092827221504,6
6012,f4:02:28:5a:28:63,78.050674,3.048588,80,-82,2022-07-11T10:40:43.115+0100,2022-07-11 10:41:34,56.76092827221504,6
6013,f4:02:28:5a:28:63,78.050674,3.048588,80,-82,2022-07-11T10:40:43.115+0100,2022-07-11 10:41:35,56.76092827221504,6
6014,f4:02:28:5a:28:63,78.050674,3.048588,80,-82,2022-07-11T10:40:43.115+0100,2022-07-11 10:41:36,56.76092827221504,6
6015,f4:02:28:5a:28:63,78.050674,3.048588,80,-82,2022-07-11T10:40:43.115+0100,2022-07-11 10:41:38,56.76092827221504,6
6016,f4:02:28:5a:28:63,78.050674,3.048588,80,-82,2022-07-11T10:40:43.115+0100,2022-07-11 10:41:39,56.76092827221504,6
6017,f4:02:28:5a:28:63,78.050674,3.048588,80,-82,2022-07-11T10:40:43.115+0100,2022-07-11 10:41:40,56.76092827221504,6
6018,f4:02:28:5a:28:63,78.050674,3.048588,80,-82,2022-07-11T10:40:43.115+0100,2022-07-11 10:41:41,56.76092827221504,6
6019,f4:02:28:5a:28:63,78.050674,3.048588,80,-82,2022-07-11T10:40:43.115+0100,2022-07-11 10:41:42,56.76092827221504,6
6020,f4:02:28:5a:28:63,78.050674,3.048588,80,-82,2022-07-11T10:40:43.115+0100,2022-07-11 10:41:43,56.76092827221504,6
6021,f4:02:28:5a:28:63,78.050674,3.048588,80,-82,2022-07-11T10:40:43.115+0100,2022-07-11 10:41:44,56.76092827221504,6
6022,f4:02:28:5a:28:63,78.050674,3.048588,80,-82,2022-07-11T10:40:43.115+0100,2022-07-11 10:41:45,56.76092827221504,6
6023,f4:02:28:5a:28:63,78.050674,3.048588,80,-82,2022-07-11T10:40:43.115+0100,2022-07-11 10:41:46,56.76092827221504,6
6024,f4:02:28:5a:28:63,78.050674,3.048588,80,-82,2022-07-11T10:40:43.115+0100,2022-07-11 10:41:47,56.76092827221504,6
6025,f4:02:28:5a:28:63,78.050674,3.048588,80,-82,2022-07-11T10:40:43.115+0100,2022-07-11 10:41:48,56.76092827221504,6
6026,f4:02:28:5a:28:63,78.050674,3.048588,80,-82,2022-07-11T10:40:43.115+0100,2022-07-11 10:41:49,56.76092827221504,6
6027,f4:02:28:5a:28:63,78.050674,3.048588,80,-82,2022-07-11T10:40:43.115+0100,2022-07-11 10:41:51,56.76092827221504,6
6028,f4:02:28:5a:28:63,78.050674,3.048588,80,-82,2022-07-11T10:40:43.115+0100,2022-07-11 10:41:52,56.76092827221504,6
6029,f4:02:28:5a:28:63,78.050674,3.048588,80,-82,2022-07-11T10:40:43.115+0100,2022-07-11 10:41:53,56.76092827221504,6
